/* Data Initialisation script */

/* Activity Data */
INSERT INTO act_id_user VALUES ('admin', 1, 'admin', 'admin', 'admin', 'admin', '2507');

INSERT INTO act_id_group VALUES ('ROLE_ADMIN', 1, 'ROLE_ADMIN', 'security-role');
INSERT INTO act_id_group VALUES ('ROLE_USER', 1, 'ROLE_USER', 'security-role');

/*ASSISTANCE */
INSERT INTO act_id_group VALUES ('ASSISTANCE_ROLE_GESTIONNAIRE', 1, 'ASSISTANCE_ROLE_GESTIONNAIRE', 'assignment');
INSERT INTO act_id_group VALUES ('ROLE_GESTIONNAIRE', 1, 'ROLE_GESTIONNAIRE', 'assignment');

INSERT INTO act_id_group VALUES ('ROLE_CCELLULE', 1, 'ROLE_CCELLULE', 'assignment');
INSERT INTO act_id_group VALUES ('ASSISTANCE_ROLE_CCELLULE', 1, 'ASSISTANCE_ROLE_CCELLULE', 'assignment');

/*ACCEPTATION*/

INSERT INTO act_id_group VALUES ('ACCEPTATION_ROLE_GESTIONNAIRE', 1, 'ACCEPTATION_ROLE_GESTIONNAIRE', 'assignment');
INSERT INTO act_id_group VALUES ('ACCEPTATION_ROLE_CCELLULE', 1, 'ACCEPTATION_ROLE_CCELLULE', 'assignment');

INSERT INTO act_id_group VALUES ('ROLE_AGCOMPAGNIE', 1, 'ROLE_AGCOMPAGNIE', 'assignment');
INSERT INTO act_id_group VALUES ('ROLE_AGGENERAL', 1, 'ROLE_AGGENERAL', 'assignment');
INSERT INTO act_id_group VALUES ('ROLE_EXPERT', 1, 'ROLE_EXPERT', 'assignment');
INSERT INTO act_id_group VALUES ('ROLE_REPARATEUR', 1, 'ROLE_REPARATEUR', 'assignment');
INSERT INTO act_id_group VALUES ('ROLE_ASSURE', 1, 'ROLE_ASSURE', 'assignment');

INSERT INTO act_id_membership VALUES ('admin', 'ROLE_ADMIN');

/* List of Roles */
INSERT INTO jhi_authority VALUES ('ROLE_ADMIN');
INSERT INTO jhi_authority VALUES ('ROLE_USER');
INSERT INTO jhi_authority VALUES ('ROLE_GACCEPTATION',true);
INSERT INTO jhi_authority VALUES ('ROLE_CCACCEPTATION',true);
INSERT INTO jhi_authority VALUES ('ROLE_GREPARATION',true);
INSERT INTO jhi_authority VALUES ('ROLE_CCREPARATION',true);
INSERT INTO jhi_authority VALUES ('ROLE_GSUPPORT_TECHNIQUE',true);
INSERT INTO jhi_authority VALUES ('ROLE_CCSUPPORT_TECHNIQUE');
INSERT INTO jhi_authority VALUES ('ROLE_AGCOMPAGNIE');
INSERT INTO jhi_authority VALUES ('ROLE_AGGENERAL');
INSERT INTO jhi_authority VALUES ('ROLE_EXPERT');
INSERT INTO jhi_authority VALUES ('ROLE_REPARATEUR');
INSERT INTO jhi_authority VALUES ('ROLE_ASSURE');
INSERT INTO jhi_authority VALUES ('ROLE_GASSISTANCE',true);
INSERT INTO jhi_authority VALUES ('ROLE_CCASSISTANCE',true);
INSERT INTO jhi_authority VALUES ('ROLE_SUPERVISOR',);



/* Gouvernorates */
INSERT INTO public.sys_gouvernorat( id, libelle, latitude, longitude, code_iso ) VALUES (1, 'Tunis', 36.8374946  ,  10.1927389  , 'TN-11');
INSERT INTO public.sys_gouvernorat( id, libelle, latitude, longitude, code_iso ) VALUES (2, 'Ariana', 36.9922751  ,  10.1255164  , 'TN-12');
INSERT INTO public.sys_gouvernorat( id, libelle, latitude, longitude, code_iso ) VALUES (3, 'Ben Arous',36.6435606 , 10.2151578 , 'TN-13');
INSERT INTO public.sys_gouvernorat( id, libelle, latitude, longitude, code_iso ) VALUES (4, 'Manouba',36.8446504 , 9.8571416 , 'TN-14');
INSERT INTO public.sys_gouvernorat( id, libelle, latitude, longitude, code_iso ) VALUES (5, 'Nabeul',36.7278251 , 10.7097867 , 'TN-21');
INSERT INTO public.sys_gouvernorat( id, libelle, latitude, longitude, code_iso ) VALUES (6, 'Zaghouan',36.2771237 , 9.9912254 , 'TN-22');
INSERT INTO public.sys_gouvernorat( id, libelle, latitude, longitude, code_iso ) VALUES (7, 'Bizerte',37.1609397 , 9.634135 , 'TN-23');
INSERT INTO public.sys_gouvernorat( id, libelle, latitude, longitude, code_iso ) VALUES (8, 'Beja',36.8625526 , 9.1013498 , 'TN-31');
INSERT INTO public.sys_gouvernorat( id, libelle, latitude, longitude, code_iso ) VALUES (9, 'Jendouba',36.7181862 , 8.7481167 , 'TN-32');
INSERT INTO public.sys_gouvernorat( id, libelle, latitude, longitude, code_iso ) VALUES (10, 'Kef',36.1230512 , 8.6600586 , 'TN-33');
INSERT INTO public.sys_gouvernorat( id, libelle, latitude, longitude, code_iso ) VALUES (11, 'Siliana',36.081944 , 9.374722 , 'TN-34');
INSERT INTO public.sys_gouvernorat( id, libelle, latitude, longitude, code_iso ) VALUES (12, 'Sousse',35.825603 , 10.608395 , 'TN-51');
INSERT INTO public.sys_gouvernorat( id, libelle, latitude, longitude, code_iso ) VALUES (13, 'Monastir',35.6505779 , 10.7548851 , 'TN-52');
INSERT INTO public.sys_gouvernorat( id, libelle, latitude, longitude, code_iso ) VALUES (14, 'Mahdia',35.3352558 , 10.8903099 , 'TN-53');
INSERT INTO public.sys_gouvernorat( id, libelle, latitude, longitude, code_iso ) VALUES (15, 'Sfax',34.8606581 , 10.3497895 , 'TN-61');
INSERT INTO public.sys_gouvernorat( id, libelle, latitude, longitude, code_iso ) VALUES (16, 'Kairouan',35.6759137 , 10.0919243 , 'TN-41');
INSERT INTO public.sys_gouvernorat( id, libelle, latitude, longitude, code_iso ) VALUES (17, 'Kasserine',35.166667 , 8.833333 , 'TN-42');
INSERT INTO public.sys_gouvernorat( id, libelle, latitude, longitude, code_iso ) VALUES (18, 'Sidi Bouzid',35.033333 , 9.5 , 'TN-43');
INSERT INTO public.sys_gouvernorat( id, libelle, latitude, longitude, code_iso ) VALUES (19, 'Gabes',33.9459648 , 9.7232673 , 'TN-81');
INSERT INTO public.sys_gouvernorat( id, libelle, latitude, longitude, code_iso ) VALUES (20, 'Medenine',33.2280565 , 10.8903099 , 'TN-82');
INSERT INTO public.sys_gouvernorat( id, libelle, latitude, longitude, code_iso ) VALUES (21, 'Tataouine',32.1344122 , 10.0807298 , 'TN-83');
INSERT INTO public.sys_gouvernorat( id, libelle, latitude, longitude, code_iso ) VALUES (22, 'Gafsa',34.3788505 , 8.6600586 , 'TN-71');
INSERT INTO public.sys_gouvernorat( id, libelle, latitude, longitude, code_iso ) VALUES (23, 'Tozeur',33.9789491 , 8.0465185 , 'TN-72');
INSERT INTO public.sys_gouvernorat( id, libelle, latitude, longitude, code_iso ) VALUES (24, 'Kebili',33.1245286 , 8.8362755 , 'TN-73');

/* Villes */
INSERT INTO public.sys_ville(  id, libelle, latitude, longitude, gouvernorat_id)  VALUES (1,'Ariana Ville',36.8625,10.19556,2);
INSERT INTO public.sys_ville(  id, libelle, latitude, longitude, gouvernorat_id)  VALUES (2,'Ettadhamen',36.76513,10.27215,2);
INSERT INTO public.sys_ville(  id, libelle, latitude, longitude, gouvernorat_id)  VALUES (3,'Kalaat Landlous',36.81959,10.2841,2);
INSERT INTO public.sys_ville(  id, libelle, latitude, longitude, gouvernorat_id)  VALUES (4,'La Soukra',36.9205,10.24819,2);
INSERT INTO public.sys_ville(  id, libelle, latitude, longitude, gouvernorat_id)  VALUES (5,'Mnihla',36.63089,10.23487,2);
INSERT INTO public.sys_ville(  id, libelle, latitude, longitude, gouvernorat_id)  VALUES (6,'Raoued',36.8078,10.1652,2);
INSERT INTO public.sys_ville(  id, libelle, latitude, longitude, gouvernorat_id)  VALUES (7,'Sidi Thabet',36.90417,10.02893,2);
INSERT INTO public.sys_ville(  id, libelle, latitude, longitude, gouvernorat_id)  VALUES (8,'Amdoun',36.77312,9.04757,8);
INSERT INTO public.sys_ville(  id, libelle, latitude, longitude, gouvernorat_id)  VALUES (9,'Beja Nord',36.74827,9.17271,8);
INSERT INTO public.sys_ville(  id, libelle, latitude, longitude, gouvernorat_id)  VALUES (10,'Beja Sud',36.60818,9.11751,8);
INSERT INTO public.sys_ville(  id, libelle, latitude, longitude, gouvernorat_id)  VALUES (11,'Goubellat',36.54113,9.64807,8);
INSERT INTO public.sys_ville(  id, libelle, latitude, longitude, gouvernorat_id)  VALUES (12,'Mejez El Bab',36.71963,9.51616,8);
INSERT INTO public.sys_ville(  id, libelle, latitude, longitude, gouvernorat_id)  VALUES (13,'Nefza',37.01125,8.97047,8);
INSERT INTO public.sys_ville(  id, libelle, latitude, longitude, gouvernorat_id)  VALUES (14,'Teboursouk',36.4616,9.2435,8);
INSERT INTO public.sys_ville(  id, libelle, latitude, longitude, gouvernorat_id)  VALUES (15,'Testour',36.48574,9.35265,8);
INSERT INTO public.sys_ville(  id, libelle, latitude, longitude, gouvernorat_id)  VALUES (16,'Thibar',36.5221,9.1039,8);
INSERT INTO public.sys_ville(  id, libelle, latitude, longitude, gouvernorat_id)  VALUES (17,'Ben Arous',36.77228,10.22122,3);
INSERT INTO public.sys_ville(  id, libelle, latitude, longitude, gouvernorat_id)  VALUES (18,'Bou Mhel El Bassatine',36.57724,10.34246,3);
INSERT INTO public.sys_ville(  id, libelle, latitude, longitude, gouvernorat_id)  VALUES (19,'El Mourouj',36.72682,10.21658,3);
INSERT INTO public.sys_ville(  id, libelle, latitude, longitude, gouvernorat_id)  VALUES (20,'Ezzahra',36.7891,10.23679,3);
INSERT INTO public.sys_ville(  id, libelle, latitude, longitude, gouvernorat_id)  VALUES (21,'Fouchana',36.69229,10.23481,3);
INSERT INTO public.sys_ville(  id, libelle, latitude, longitude, gouvernorat_id)  VALUES (22,'Hammam Chatt',36.0683,9.97244,3);
INSERT INTO public.sys_ville(  id, libelle, latitude, longitude, gouvernorat_id)  VALUES (23,'Hammam Lif',36.68944,10.35694,3);
INSERT INTO public.sys_ville(  id, libelle, latitude, longitude, gouvernorat_id)  VALUES (24,'Megrine',36.76435,10.2352,3);
INSERT INTO public.sys_ville(  id, libelle, latitude, longitude, gouvernorat_id)  VALUES (25,'Mohamadia',36.64767,10.09106,3);
INSERT INTO public.sys_ville(  id, libelle, latitude, longitude, gouvernorat_id)  VALUES (26,'Mornag',36.68902,10.29964,3);
INSERT INTO public.sys_ville(  id, libelle, latitude, longitude, gouvernorat_id)  VALUES (27,'Nouvelle Medina',36.6004,10.31744,3);
INSERT INTO public.sys_ville(  id, libelle, latitude, longitude, gouvernorat_id)  VALUES (28,'Rades',36.80326,9.91961,3);
INSERT INTO public.sys_ville(  id, libelle, latitude, longitude, gouvernorat_id)  VALUES (29,'Bizerte Nord',37.272,9.8708,7);
INSERT INTO public.sys_ville(  id, libelle, latitude, longitude, gouvernorat_id)  VALUES (30,'Bizerte Sud',37.21049,9.50201,7);
INSERT INTO public.sys_ville(  id, libelle, latitude, longitude, gouvernorat_id)  VALUES (31,'El Alia',37.1736,10.03243,7);
INSERT INTO public.sys_ville(  id, libelle, latitude, longitude, gouvernorat_id)  VALUES (32,'Ghar El Melh',37.13143,10.04232,7);
INSERT INTO public.sys_ville(  id, libelle, latitude, longitude, gouvernorat_id)  VALUES (33,'Ghezala',37.05993,9.56914,7);
INSERT INTO public.sys_ville(  id, libelle, latitude, longitude, gouvernorat_id)  VALUES (34,'Jarzouna',36.93246,9.53944,7);
INSERT INTO public.sys_ville(  id, libelle, latitude, longitude, gouvernorat_id)  VALUES (35,'Joumine',36.95392,9.27345,7);
INSERT INTO public.sys_ville(  id, libelle, latitude, longitude, gouvernorat_id)  VALUES (36,'Mateur',37.01523,9.68828,7);
INSERT INTO public.sys_ville(  id, libelle, latitude, longitude, gouvernorat_id)  VALUES (37,'Menzel Bourguiba',37.14567,9.87827,7);
INSERT INTO public.sys_ville(  id, libelle, latitude, longitude, gouvernorat_id)  VALUES (38,'Menzel Jemil',37.23,9.91,7);
INSERT INTO public.sys_ville(  id, libelle, latitude, longitude, gouvernorat_id)  VALUES (39,'Ras Jebel',37.2316,10.0801,7);
INSERT INTO public.sys_ville(  id, libelle, latitude, longitude, gouvernorat_id)  VALUES (40,'Sejnane',37.09699,9.28189,7);
INSERT INTO public.sys_ville(  id, libelle, latitude, longitude, gouvernorat_id)  VALUES (41,'Tinja',37.21265,9.7231,7);
INSERT INTO public.sys_ville(  id, libelle, latitude, longitude, gouvernorat_id)  VALUES (42,'Utique',37.03707,10.03113,7);
INSERT INTO public.sys_ville(  id, libelle, latitude, longitude, gouvernorat_id)  VALUES (43,'El Hamma',33.91667,9.73333,19);
INSERT INTO public.sys_ville(  id, libelle, latitude, longitude, gouvernorat_id)  VALUES (44,'El Metouia',33.94266,9.99088,19);
INSERT INTO public.sys_ville(  id, libelle, latitude, longitude, gouvernorat_id)  VALUES (45,'Gabes Medina',33.50672,10.06527,19);
INSERT INTO public.sys_ville(  id, libelle, latitude, longitude, gouvernorat_id)  VALUES (46,'Gabes Ouest',33.90042,10.08393,19);
INSERT INTO public.sys_ville(  id, libelle, latitude, longitude, gouvernorat_id)  VALUES (47,'Gabes Sud',33.83274,10.12723,19);
INSERT INTO public.sys_ville(  id, libelle, latitude, longitude, gouvernorat_id)  VALUES (48,'Ghannouche',33.9399,10.0646,19);
INSERT INTO public.sys_ville(  id, libelle, latitude, longitude, gouvernorat_id)  VALUES (49,'Mareth',33.5109,10.1392,19);
INSERT INTO public.sys_ville(  id, libelle, latitude, longitude, gouvernorat_id)  VALUES (50,'Matmata',33.57617,9.97595,19);
INSERT INTO public.sys_ville(  id, libelle, latitude, longitude, gouvernorat_id)  VALUES (51,'Menzel Habib',33.87917,10.08149,19);
INSERT INTO public.sys_ville(  id, libelle, latitude, longitude, gouvernorat_id)  VALUES (52,'Nouvelle Matmata',33.56411,9.91012,19);
INSERT INTO public.sys_ville(  id, libelle, latitude, longitude, gouvernorat_id)  VALUES (53,'Belkhir',34.3498,9.47854,22);
INSERT INTO public.sys_ville(  id, libelle, latitude, longitude, gouvernorat_id)  VALUES (54,'El Guettar',34.37369,9.23293,22);
INSERT INTO public.sys_ville(  id, libelle, latitude, longitude, gouvernorat_id)  VALUES (55,'El Ksar',34.49633,8.79527,22);
INSERT INTO public.sys_ville(  id, libelle, latitude, longitude, gouvernorat_id)  VALUES (56,'El Mdhilla',34.13659,8.71087,22);
INSERT INTO public.sys_ville(  id, libelle, latitude, longitude, gouvernorat_id)  VALUES (57,'Gafsa Nord',34.61997,8.98897,22);
INSERT INTO public.sys_ville(  id, libelle, latitude, longitude, gouvernorat_id)  VALUES (58,'Gafsa Sud',34.45086,8.23541,22);
INSERT INTO public.sys_ville(  id, libelle, latitude, longitude, gouvernorat_id)  VALUES (59,'Metlaoui',34.26523,8.48303,22);
INSERT INTO public.sys_ville(  id, libelle, latitude, longitude, gouvernorat_id)  VALUES (60,'Moulares',34.56708,8.22809,22);
INSERT INTO public.sys_ville(  id, libelle, latitude, longitude, gouvernorat_id)  VALUES (61,'Redeyef',34.39007,8.15683,22);
INSERT INTO public.sys_ville(  id, libelle, latitude, longitude, gouvernorat_id)  VALUES (62,'Sidi Aich',34.71817,8.81524,22);
INSERT INTO public.sys_ville(  id, libelle, latitude, longitude, gouvernorat_id)  VALUES (63,'Sned',34.49778,9.19572,22);
INSERT INTO public.sys_ville(  id, libelle, latitude, longitude, gouvernorat_id)  VALUES (64,'Ain Draham',36.7,8.48333,9);
INSERT INTO public.sys_ville(  id, libelle, latitude, longitude, gouvernorat_id)  VALUES (65,'Balta Bou Aouene',36.70081,8.95854,9);
INSERT INTO public.sys_ville(  id, libelle, latitude, longitude, gouvernorat_id)  VALUES (66,'Bou Salem',36.63916,8.93212,9);
INSERT INTO public.sys_ville(  id, libelle, latitude, longitude, gouvernorat_id)  VALUES (67,'Fernana',36.67046,8.69121,9);
INSERT INTO public.sys_ville(  id, libelle, latitude, longitude, gouvernorat_id)  VALUES (68,'Ghardimaou',36.4164,8.41644,9);
INSERT INTO public.sys_ville(  id, libelle, latitude, longitude, gouvernorat_id)  VALUES (69,'Jendouba',36.54678,8.7981,9);
INSERT INTO public.sys_ville(  id, libelle, latitude, longitude, gouvernorat_id)  VALUES (70,'Jendouba Nord',36.57263,8.62635,9);
INSERT INTO public.sys_ville(  id, libelle, latitude, longitude, gouvernorat_id)  VALUES (71,'Oued Mliz',36.43512,8.54567,9);
INSERT INTO public.sys_ville(  id, libelle, latitude, longitude, gouvernorat_id)  VALUES (72,'Tabarka',36.47092,8.97882,9);
INSERT INTO public.sys_ville(  id, libelle, latitude, longitude, gouvernorat_id)  VALUES (73,'Bou Hajla',35.46361,10.05083,16);
INSERT INTO public.sys_ville(  id, libelle, latitude, longitude, gouvernorat_id)  VALUES (74,'Chebika',35.64443,9.96301,16);
INSERT INTO public.sys_ville(  id, libelle, latitude, longitude, gouvernorat_id)  VALUES (75,'Cherarda',35.45435,9.71079,16);
INSERT INTO public.sys_ville(  id, libelle, latitude, longitude, gouvernorat_id)  VALUES (76,'El Ala',35.62211,9.51775,16);
INSERT INTO public.sys_ville(  id, libelle, latitude, longitude, gouvernorat_id)  VALUES (77,'Haffouz',35.66632,9.68012,16);
INSERT INTO public.sys_ville(  id, libelle, latitude, longitude, gouvernorat_id)  VALUES (78,'Hajeb El Ayoun',35.40958,9.52608,16);
INSERT INTO public.sys_ville(  id, libelle, latitude, longitude, gouvernorat_id)  VALUES (79,'Kairouan Nord',35.67625,10.06888,16);
INSERT INTO public.sys_ville(  id, libelle, latitude, longitude, gouvernorat_id)  VALUES (80,'Kairouan Sud',35.49206,10.11551,16);
INSERT INTO public.sys_ville(  id, libelle, latitude, longitude, gouvernorat_id)  VALUES (81,'Nasrallah',35.3431,9.84154,16);
INSERT INTO public.sys_ville(  id, libelle, latitude, longitude, gouvernorat_id)  VALUES (82,'Oueslatia',35.56066,9.83966,16);
INSERT INTO public.sys_ville(  id, libelle, latitude, longitude, gouvernorat_id)  VALUES (83,'Sbikha',35.73852,10.09666,16);
INSERT INTO public.sys_ville(  id, libelle, latitude, longitude, gouvernorat_id)  VALUES (84,'El Ayoun',35.25848,8.98333,17);
INSERT INTO public.sys_ville(  id, libelle, latitude, longitude, gouvernorat_id)  VALUES (85,'Ezzouhour',34.99632,8.88808,17);
INSERT INTO public.sys_ville(  id, libelle, latitude, longitude, gouvernorat_id)  VALUES (86,'Feriana',35.1675,8.4219,17);
INSERT INTO public.sys_ville(  id, libelle, latitude, longitude, gouvernorat_id)  VALUES (87,'Foussana',35.59691,8.4725,17);
INSERT INTO public.sys_ville(  id, libelle, latitude, longitude, gouvernorat_id)  VALUES (88,'Haidra',35.46592,8.96297,17);
INSERT INTO public.sys_ville(  id, libelle, latitude, longitude, gouvernorat_id)  VALUES (89,'Hassi El Frid',35.05049,9.15419,17);
INSERT INTO public.sys_ville(  id, libelle, latitude, longitude, gouvernorat_id)  VALUES (90,'Jediliane',35.53003,9.01909,17);
INSERT INTO public.sys_ville(  id, libelle, latitude, longitude, gouvernorat_id)  VALUES (91,'Kasserine Nord',35.17144,8.81443,17);
INSERT INTO public.sys_ville(  id, libelle, latitude, longitude, gouvernorat_id)  VALUES (92,'Kasserine Sud',35.2138,8.92428,17);
INSERT INTO public.sys_ville(  id, libelle, latitude, longitude, gouvernorat_id)  VALUES (93,'Mejel Bel Abbes',35.52999,8.60879,17);
INSERT INTO public.sys_ville(  id, libelle, latitude, longitude, gouvernorat_id)  VALUES (94,'Sbeitla',35.14622,8.64723,17);
INSERT INTO public.sys_ville(  id, libelle, latitude, longitude, gouvernorat_id)  VALUES (95,'Sbiba',35.4941,9.15549,17);
INSERT INTO public.sys_ville(  id, libelle, latitude, longitude, gouvernorat_id)  VALUES (96,'Thala',35.3096,9.03901,17);
INSERT INTO public.sys_ville(  id, libelle, latitude, longitude, gouvernorat_id)  VALUES (97,'Douz',33.48333,8.78833,24);
INSERT INTO public.sys_ville(  id, libelle, latitude, longitude, gouvernorat_id)  VALUES (98,'El Faouar',33.35524,8.75097,24);
INSERT INTO public.sys_ville(  id, libelle, latitude, longitude, gouvernorat_id)  VALUES (99,'Kebili Nord',33.5885,8.5721,24);
INSERT INTO public.sys_ville(  id, libelle, latitude, longitude, gouvernorat_id)  VALUES (100,'Kebili Sud',33.64075,8.99476,24);
INSERT INTO public.sys_ville(  id, libelle, latitude, longitude, gouvernorat_id)  VALUES (101,'Souk El Ahad',33.7958,8.7753,24);
INSERT INTO public.sys_ville(  id, libelle, latitude, longitude, gouvernorat_id)  VALUES (102,'Borj El Amri',36.67401,9.85758,4);
INSERT INTO public.sys_ville(  id, libelle, latitude, longitude, gouvernorat_id)  VALUES (103,'Douar Hicher',36.67513,10.34438,4);
INSERT INTO public.sys_ville(  id, libelle, latitude, longitude, gouvernorat_id)  VALUES (104,'El Battan',36.79602,9.83576,4);
INSERT INTO public.sys_ville(  id, libelle, latitude, longitude, gouvernorat_id)  VALUES (105,'Jedaida',36.86608,9.91537,4);
INSERT INTO public.sys_ville(  id, libelle, latitude, longitude, gouvernorat_id)  VALUES (106,'Mannouba',36.77494,10.1306,4);
INSERT INTO public.sys_ville(  id, libelle, latitude, longitude, gouvernorat_id)  VALUES (107,'Mornaguia',36.75145,9.95583,4);
INSERT INTO public.sys_ville(  id, libelle, latitude, longitude, gouvernorat_id)  VALUES (108,'Oued Ellil',36.83523,10.05774,4);
INSERT INTO public.sys_ville(  id, libelle, latitude, longitude, gouvernorat_id)  VALUES (109,'Tebourba',36.77955,9.67648,4);
INSERT INTO public.sys_ville(  id, libelle, latitude, longitude, gouvernorat_id)  VALUES (110,'Dahmani',35.95029,8.80362,10);
INSERT INTO public.sys_ville(  id, libelle, latitude, longitude, gouvernorat_id)  VALUES (111,'El Ksour',35.83597,8.87221,10);
INSERT INTO public.sys_ville(  id, libelle, latitude, longitude, gouvernorat_id)  VALUES (112,'Jerissa',35.85539,8.68655,10);
INSERT INTO public.sys_ville(  id, libelle, latitude, longitude, gouvernorat_id)  VALUES (113,'Kalaa El Khasba',36.15843,8.45304,10);
INSERT INTO public.sys_ville(  id, libelle, latitude, longitude, gouvernorat_id)  VALUES (114,'Kalaat Sinane',35.76577,8.50205,10);
INSERT INTO public.sys_ville(  id, libelle, latitude, longitude, gouvernorat_id)  VALUES (115,'Le Kef Est',36.15787,8.74482,10);
INSERT INTO public.sys_ville(  id, libelle, latitude, longitude, gouvernorat_id)  VALUES (116,'Le Kef Ouest',36.25,8.75,10);
INSERT INTO public.sys_ville(  id, libelle, latitude, longitude, gouvernorat_id)  VALUES (117,'Le Sers',36.07497,9.01639,10);
INSERT INTO public.sys_ville(  id, libelle, latitude, longitude, gouvernorat_id)  VALUES (118,'Nebeur',36.28771,8.7856,10);
INSERT INTO public.sys_ville(  id, libelle, latitude, longitude, gouvernorat_id)  VALUES (119,'Sakiet Sidi Youssef',36.16828,8.35422,10);
INSERT INTO public.sys_ville(  id, libelle, latitude, longitude, gouvernorat_id)  VALUES (120,'Tajerouine',35.9156,8.54059,10);
INSERT INTO public.sys_ville(  id, libelle, latitude, longitude, gouvernorat_id)  VALUES (121,'Touiref',36.29042,8.57096,10);
INSERT INTO public.sys_ville(  id, libelle, latitude, longitude, gouvernorat_id)  VALUES (122,'Bou Merdes',35.43882,10.75203,14);
INSERT INTO public.sys_ville(  id, libelle, latitude, longitude, gouvernorat_id)  VALUES (123,'Chorbane',35.25045,10.5463,14);
INSERT INTO public.sys_ville(  id, libelle, latitude, longitude, gouvernorat_id)  VALUES (124,'El Jem',35.31219,10.71045,14);
INSERT INTO public.sys_ville(  id, libelle, latitude, longitude, gouvernorat_id)  VALUES (125,'Hbira',35.42231,10.64572,14);
INSERT INTO public.sys_ville(  id, libelle, latitude, longitude, gouvernorat_id)  VALUES (126,'Ksour Essaf',35.45897,10.8854,14);
INSERT INTO public.sys_ville(  id, libelle, latitude, longitude, gouvernorat_id)  VALUES (127,'La Chebba',35.2304,11.11085,14);
INSERT INTO public.sys_ville(  id, libelle, latitude, longitude, gouvernorat_id)  VALUES (128,'Mahdia',35.32326,10.45391,14);
INSERT INTO public.sys_ville(  id, libelle, latitude, longitude, gouvernorat_id)  VALUES (129,'Melloulech',35.11005,11.00969,14);
INSERT INTO public.sys_ville(  id, libelle, latitude, longitude, gouvernorat_id)  VALUES (130,'Ouled Chamakh',35.49657,10.97782,14);
INSERT INTO public.sys_ville(  id, libelle, latitude, longitude, gouvernorat_id)  VALUES (131,'Sidi Alouene',35.31157,10.90933,14);
INSERT INTO public.sys_ville(  id, libelle, latitude, longitude, gouvernorat_id)  VALUES (132,'Souassi',35.25481,10.96306,14);
INSERT INTO public.sys_ville(  id, libelle, latitude, longitude, gouvernorat_id)  VALUES (133,'Ajim',33.73382,10.85513,20);
INSERT INTO public.sys_ville(  id, libelle, latitude, longitude, gouvernorat_id)  VALUES (134,'Ben Guerdane',33.1394,11.2136,20);
INSERT INTO public.sys_ville(  id, libelle, latitude, longitude, gouvernorat_id)  VALUES (135,'Beni Khedache',33.26453,10.02581,20);
INSERT INTO public.sys_ville(  id, libelle, latitude, longitude, gouvernorat_id)  VALUES (136,'Houmet Essouk',33.77207,11.02476,20);
INSERT INTO public.sys_ville(  id, libelle, latitude, longitude, gouvernorat_id)  VALUES (137,'Medenine Nord',33.32885,10.51577,20);
INSERT INTO public.sys_ville(  id, libelle, latitude, longitude, gouvernorat_id)  VALUES (138,'Medenine Nord',33.32885,10.51577,20);
INSERT INTO public.sys_ville(  id, libelle, latitude, longitude, gouvernorat_id)  VALUES (139,'Medenine Sud',33.32885,10.51577,20);
INSERT INTO public.sys_ville(  id, libelle, latitude, longitude, gouvernorat_id)  VALUES (140,'Midoun',33.7594,11.0131,20);
INSERT INTO public.sys_ville(  id, libelle, latitude, longitude, gouvernorat_id)  VALUES (141,'Sidi Makhlouf',33.46167,10.57222,20);
INSERT INTO public.sys_ville(  id, libelle, latitude, longitude, gouvernorat_id)  VALUES (142,'Zarzis',33.49257,11.11301,20);
INSERT INTO public.sys_ville(  id, libelle, latitude, longitude, gouvernorat_id)  VALUES (143,'Bekalta',35.6226,11.01354,13);
INSERT INTO public.sys_ville(  id, libelle, latitude, longitude, gouvernorat_id)  VALUES (144,'Bembla',35.71797,10.75155,13);
INSERT INTO public.sys_ville(  id, libelle, latitude, longitude, gouvernorat_id)  VALUES (145,'Beni Hassen',35.68781,10.75601,13);
INSERT INTO public.sys_ville(  id, libelle, latitude, longitude, gouvernorat_id)  VALUES (146,'Jemmal',35.63,10.76,13);
INSERT INTO public.sys_ville(  id, libelle, latitude, longitude, gouvernorat_id)  VALUES (147,'Ksar Helal',35.64962,10.90091,13);
INSERT INTO public.sys_ville(  id, libelle, latitude, longitude, gouvernorat_id)  VALUES (148,'Ksibet El Mediouni',35.6364,10.8294,13);
INSERT INTO public.sys_ville(  id, libelle, latitude, longitude, gouvernorat_id)  VALUES (149,'Moknine',35.6177,10.94568,13);
INSERT INTO public.sys_ville(  id, libelle, latitude, longitude, gouvernorat_id)  VALUES (150,'Monastir',35.75616,10.82802,13);
INSERT INTO public.sys_ville(  id, libelle, latitude, longitude, gouvernorat_id)  VALUES (151,'Ouerdanine',35.63707,10.91962,13);
INSERT INTO public.sys_ville(  id, libelle, latitude, longitude, gouvernorat_id)  VALUES (152,'Sahline',35.77262,10.67173,13);
INSERT INTO public.sys_ville(  id, libelle, latitude, longitude, gouvernorat_id)  VALUES (153,'Sayada Lamta Bou Hajar',35.68,10.86,13);
INSERT INTO public.sys_ville(  id, libelle, latitude, longitude, gouvernorat_id)  VALUES (154,'Teboulba',35.65,10.88,13);
INSERT INTO public.sys_ville(  id, libelle, latitude, longitude, gouvernorat_id)  VALUES (155,'Zeramdine',35.55727,10.72476,13);
INSERT INTO public.sys_ville(  id, libelle, latitude, longitude, gouvernorat_id)  VALUES (156,'Beni Khalled',36.6436,10.558,5);
INSERT INTO public.sys_ville(  id, libelle, latitude, longitude, gouvernorat_id)  VALUES (157,'Beni Khiar',36.47,10.78,5);
INSERT INTO public.sys_ville(  id, libelle, latitude, longitude, gouvernorat_id)  VALUES (158,'Bou Argoub',36.5075,10.55001,5);
INSERT INTO public.sys_ville(  id, libelle, latitude, longitude, gouvernorat_id)  VALUES (159,'Dar Chaabane Elfehri',36.48423,10.75258,5);
INSERT INTO public.sys_ville(  id, libelle, latitude, longitude, gouvernorat_id)  VALUES (160,'El Haouaria',36.88035,10.87349,5);
INSERT INTO public.sys_ville(  id, libelle, latitude, longitude, gouvernorat_id)  VALUES (161,'El Mida',36.72104,10.84945,5);
INSERT INTO public.sys_ville(  id, libelle, latitude, longitude, gouvernorat_id)  VALUES (162,'Grombalia',36.52238,10.43854,5);
INSERT INTO public.sys_ville(  id, libelle, latitude, longitude, gouvernorat_id)  VALUES (163,'Hammam El Ghezaz',36.91237,11.10203,5);
INSERT INTO public.sys_ville(  id, libelle, latitude, longitude, gouvernorat_id)  VALUES (164,'Hammamet',36.42625,10.62858,5);
INSERT INTO public.sys_ville(  id, libelle, latitude, longitude, gouvernorat_id)  VALUES (165,'Kelibia',36.85021,11.07895,5);
INSERT INTO public.sys_ville(  id, libelle, latitude, longitude, gouvernorat_id)  VALUES (166,'Korba',36.58719,10.84991,5);
INSERT INTO public.sys_ville(  id, libelle, latitude, longitude, gouvernorat_id)  VALUES (167,'Menzel Bouzelfa',36.70972,10.60094,5);
INSERT INTO public.sys_ville(  id, libelle, latitude, longitude, gouvernorat_id)  VALUES (168,'Menzel Temime',36.7811,10.9889,5);
INSERT INTO public.sys_ville(  id, libelle, latitude, longitude, gouvernorat_id)  VALUES (169,'Nabeul',36.45359,10.73624,5);
INSERT INTO public.sys_ville(  id, libelle, latitude, longitude, gouvernorat_id)  VALUES (170,'Soliman',36.6927,10.4918,5);
INSERT INTO public.sys_ville(  id, libelle, latitude, longitude, gouvernorat_id)  VALUES (171,'Takelsa',36.80344,10.64504,5);
INSERT INTO public.sys_ville(  id, libelle, latitude, longitude, gouvernorat_id)  VALUES (172,'Agareb',34.73568,10.48777,15);
INSERT INTO public.sys_ville(  id, libelle, latitude, longitude, gouvernorat_id)  VALUES (173,'Bir Ali Ben Khelifa',34.7404,10.095,15);
INSERT INTO public.sys_ville(  id, libelle, latitude, longitude, gouvernorat_id)  VALUES (174,'El Amra',34.70775,10.74552,15);
INSERT INTO public.sys_ville(  id, libelle, latitude, longitude, gouvernorat_id)  VALUES (175,'El Hencha',35.0626,10.7451,15);
INSERT INTO public.sys_ville(  id, libelle, latitude, longitude, gouvernorat_id)  VALUES (176,'Esskhira',34.29046,10.08501,15);
INSERT INTO public.sys_ville(  id, libelle, latitude, longitude, gouvernorat_id)  VALUES (177,'Ghraiba',34.95148,10.48525,15);
INSERT INTO public.sys_ville(  id, libelle, latitude, longitude, gouvernorat_id)  VALUES (178,'Jebeniana',35.05026,10.90617,15);
INSERT INTO public.sys_ville(  id, libelle, latitude, longitude, gouvernorat_id)  VALUES (179,'Kerkenah',34.73333,11.23333,15);
INSERT INTO public.sys_ville(  id, libelle, latitude, longitude, gouvernorat_id)  VALUES (180,'Mahras',34.55198,10.50622,15);
INSERT INTO public.sys_ville(  id, libelle, latitude, longitude, gouvernorat_id)  VALUES (181,'Menzel Chaker',35.02241,10.3742,15);
INSERT INTO public.sys_ville(  id, libelle, latitude, longitude, gouvernorat_id)  VALUES (182,'Sakiet Eddaier',34.7975,10.8641,15);
INSERT INTO public.sys_ville(  id, libelle, latitude, longitude, gouvernorat_id)  VALUES (183,'Sakiet Ezzit',34.78264,10.19292,15);
INSERT INTO public.sys_ville(  id, libelle, latitude, longitude, gouvernorat_id)  VALUES (184,'Sfax Est',34.73612,11.21054,15);
INSERT INTO public.sys_ville(  id, libelle, latitude, longitude, gouvernorat_id)  VALUES (185,'Sfax Sud',34.88276,10.70528,15);
INSERT INTO public.sys_ville(  id, libelle, latitude, longitude, gouvernorat_id)  VALUES (186,'Sfax Ville',34.76,10.72,15);
INSERT INTO public.sys_ville(  id, libelle, latitude, longitude, gouvernorat_id)  VALUES (187,'Ben Oun',34.8762,9.16048,18);
INSERT INTO public.sys_ville(  id, libelle, latitude, longitude, gouvernorat_id)  VALUES (188,'Bir El Haffey',34.74132,9.04049,18);
INSERT INTO public.sys_ville(  id, libelle, latitude, longitude, gouvernorat_id)  VALUES (189,'Cebbala',34.82167,8.97133,18);
INSERT INTO public.sys_ville(  id, libelle, latitude, longitude, gouvernorat_id)  VALUES (190,'Jilma',35.31247,9.38392,18);
INSERT INTO public.sys_ville(  id, libelle, latitude, longitude, gouvernorat_id)  VALUES (191,'Maknassy',34.65958,9.5915,18);
INSERT INTO public.sys_ville(  id, libelle, latitude, longitude, gouvernorat_id)  VALUES (192,'Menzel Bouzaiene',34.99806,9.34058,18);
INSERT INTO public.sys_ville(  id, libelle, latitude, longitude, gouvernorat_id)  VALUES (193,'Mezzouna',34.59287,9.90311,18);
INSERT INTO public.sys_ville(  id, libelle, latitude, longitude, gouvernorat_id)  VALUES (194,'Ouled Haffouz',35.06253,9.81428,18);
INSERT INTO public.sys_ville(  id, libelle, latitude, longitude, gouvernorat_id)  VALUES (195,'Regueb',34.83273,9.83618,18);
INSERT INTO public.sys_ville(  id, libelle, latitude, longitude, gouvernorat_id)  VALUES (196,'Sidi Bouzid Est',35.10258,9.66949,18);
INSERT INTO public.sys_ville(  id, libelle, latitude, longitude, gouvernorat_id)  VALUES (197,'Sidi Bouzid Ouest',35.04388,9.45203,18);
INSERT INTO public.sys_ville(  id, libelle, latitude, longitude, gouvernorat_id)  VALUES (198,'Souk Jedid',34.80392,9.14646,18);
INSERT INTO public.sys_ville(  id, libelle, latitude, longitude, gouvernorat_id)  VALUES (199,'Bargou',36.07064,9.46529,11);
INSERT INTO public.sys_ville(  id, libelle, latitude, longitude, gouvernorat_id)  VALUES (200,'Bou Arada',36.36832,9.60996,11);
INSERT INTO public.sys_ville(  id, libelle, latitude, longitude, gouvernorat_id)  VALUES (201,'El Aroussa',36.329,9.43693,11);
INSERT INTO public.sys_ville(  id, libelle, latitude, longitude, gouvernorat_id)  VALUES (202,'Gaafour',35.89528,9.43909,11);
INSERT INTO public.sys_ville(  id, libelle, latitude, longitude, gouvernorat_id)  VALUES (203,'Kesra',36.30745,9.71371,11);
INSERT INTO public.sys_ville(  id, libelle, latitude, longitude, gouvernorat_id)  VALUES (204,'Le Krib',35.77524,9.26674,11);
INSERT INTO public.sys_ville(  id, libelle, latitude, longitude, gouvernorat_id)  VALUES (205,'Makthar',35.84889,9.19922,11);
INSERT INTO public.sys_ville(  id, libelle, latitude, longitude, gouvernorat_id)  VALUES (206,'Rohia',35.66442,9.03957,11);
INSERT INTO public.sys_ville(  id, libelle, latitude, longitude, gouvernorat_id)  VALUES (207,'Sidi Bou Rouis',36.16815,9.06269,11);
INSERT INTO public.sys_ville(  id, libelle, latitude, longitude, gouvernorat_id)  VALUES (208,'Siliana Nord',36.12802,9.37901,11);
INSERT INTO public.sys_ville(  id, libelle, latitude, longitude, gouvernorat_id)  VALUES (209,'Siliana Sud',36.12802,9.37901,11);
INSERT INTO public.sys_ville(  id, libelle, latitude, longitude, gouvernorat_id)  VALUES (210,'Akouda',35.94312,10.52022,12);
INSERT INTO public.sys_ville(  id, libelle, latitude, longitude, gouvernorat_id)  VALUES (211,'Bou Ficha',35.72781,10.46709,12);
INSERT INTO public.sys_ville(  id, libelle, latitude, longitude, gouvernorat_id)  VALUES (212,'Enfidha',36.13714,10.36047,12);
INSERT INTO public.sys_ville(  id, libelle, latitude, longitude, gouvernorat_id)  VALUES (213,'Hammam Sousse',35.79,10.56,12);
INSERT INTO public.sys_ville(  id, libelle, latitude, longitude, gouvernorat_id)  VALUES (214,'Hergla',36.05999,10.46645,12);
INSERT INTO public.sys_ville(  id, libelle, latitude, longitude, gouvernorat_id)  VALUES (215,'Kalaa El Kebira',35.87392,10.54372,12);
INSERT INTO public.sys_ville(  id, libelle, latitude, longitude, gouvernorat_id)  VALUES (216,'Kalaa Essghira',35.82764,10.55155,12);
INSERT INTO public.sys_ville(  id, libelle, latitude, longitude, gouvernorat_id)  VALUES (217,'Kondar',36.34806,10.49306,12);
INSERT INTO public.sys_ville(  id, libelle, latitude, longitude, gouvernorat_id)  VALUES (218,'Msaken',35.73735,10.60075,12);
INSERT INTO public.sys_ville(  id, libelle, latitude, longitude, gouvernorat_id)  VALUES (219,'Sidi Bou Ali',35.9447,10.43417,12);
INSERT INTO public.sys_ville(  id, libelle, latitude, longitude, gouvernorat_id)  VALUES (220,'Sousse Jaouhara',35.80635,10.61376,12);
INSERT INTO public.sys_ville(  id, libelle, latitude, longitude, gouvernorat_id)  VALUES (221,'Sousse Riadh',35.76067,10.6284,12);
INSERT INTO public.sys_ville(  id, libelle, latitude, longitude, gouvernorat_id)  VALUES (222,'Sousse Ville',35.81771,10.64549,12);
INSERT INTO public.sys_ville(  id, libelle, latitude, longitude, gouvernorat_id)  VALUES (223,'Bir Lahmar',32.9606,10.52763,21);
INSERT INTO public.sys_ville(  id, libelle, latitude, longitude, gouvernorat_id)  VALUES (224,'Dhehiba',31.33321,9.76223,21);
INSERT INTO public.sys_ville(  id, libelle, latitude, longitude, gouvernorat_id)  VALUES (225,'Ghomrassen',33.07083,10.3361,21);
INSERT INTO public.sys_ville(  id, libelle, latitude, longitude, gouvernorat_id)  VALUES (226,'Remada',32.3169,10.4,21);
INSERT INTO public.sys_ville(  id, libelle, latitude, longitude, gouvernorat_id)  VALUES (227,'Smar',32.61071,10.20694,21);
INSERT INTO public.sys_ville(  id, libelle, latitude, longitude, gouvernorat_id)  VALUES (228,'Tataouine Nord',32.80312,10.40045,21);
INSERT INTO public.sys_ville(  id, libelle, latitude, longitude, gouvernorat_id)  VALUES (229,'Tataouine Sud',32.86423,10.43333,21);
INSERT INTO public.sys_ville(  id, libelle, latitude, longitude, gouvernorat_id)  VALUES (230,'Degueche',33.92479,8.20371,23);
INSERT INTO public.sys_ville(  id, libelle, latitude, longitude, gouvernorat_id)  VALUES (231,'Hezoua',33.73276,7.58824,23);
INSERT INTO public.sys_ville(  id, libelle, latitude, longitude, gouvernorat_id)  VALUES (232,'Nefta',33.90977,8.01205,23);
INSERT INTO public.sys_ville(  id, libelle, latitude, longitude, gouvernorat_id)  VALUES (233,'Tameghza',34.3883,7.9435,23);
INSERT INTO public.sys_ville(  id, libelle, latitude, longitude, gouvernorat_id)  VALUES (234,'Tozeur',33.7609,8.13564,23);
INSERT INTO public.sys_ville(  id, libelle, latitude, longitude, gouvernorat_id)  VALUES (235,'Bab Bhar',36.81853,10.18317,1);
INSERT INTO public.sys_ville(  id, libelle, latitude, longitude, gouvernorat_id)  VALUES (236,'Bab Souika',36.83194,10.1636,1);
INSERT INTO public.sys_ville(  id, libelle, latitude, longitude, gouvernorat_id)  VALUES (237,'Carthage',36.8699,10.3445,1);
INSERT INTO public.sys_ville(  id, libelle, latitude, longitude, gouvernorat_id)  VALUES (238,'Cite El Khadra',36.82925,10.19029,1);
INSERT INTO public.sys_ville(  id, libelle, latitude, longitude, gouvernorat_id)  VALUES (239,'El Hrairia',36.73188,10.31959,1);
INSERT INTO public.sys_ville(  id, libelle, latitude, longitude, gouvernorat_id)  VALUES (240,'El Kabbaria',36.71737,10.33764,1);
INSERT INTO public.sys_ville(  id, libelle, latitude, longitude, gouvernorat_id)  VALUES (241,'El Kram',36.63668,10.35225,1);
INSERT INTO public.sys_ville(  id, libelle, latitude, longitude, gouvernorat_id)  VALUES (242,'El Menzah',36.85073,10.19107,1);
INSERT INTO public.sys_ville(  id, libelle, latitude, longitude, gouvernorat_id)  VALUES (243,'El Omrane',36.83017,10.13736,1);
INSERT INTO public.sys_ville(  id, libelle, latitude, longitude, gouvernorat_id)  VALUES (244,'El Omrane Superieur',36.84,10.23,1);
INSERT INTO public.sys_ville(  id, libelle, latitude, longitude, gouvernorat_id)  VALUES (245,'El Ouerdia',36.83561,10.21587,1);
INSERT INTO public.sys_ville(  id, libelle, latitude, longitude, gouvernorat_id)  VALUES (246,'Essijoumi',36.5427,10.23382,1);
INSERT INTO public.sys_ville(  id, libelle, latitude, longitude, gouvernorat_id)  VALUES (247,'Ettahrir',36.79172,10.27613,1);
INSERT INTO public.sys_ville(  id, libelle, latitude, longitude, gouvernorat_id)  VALUES (248,'Ezzouhour',36.73188,10.31959,1);
INSERT INTO public.sys_ville(  id, libelle, latitude, longitude, gouvernorat_id)  VALUES (249,'Jebel Jelloud',36.77296,10.20856,1);
INSERT INTO public.sys_ville(  id, libelle, latitude, longitude, gouvernorat_id)  VALUES (250,'La Goulette',36.82437,10.29617,1);
INSERT INTO public.sys_ville(  id, libelle, latitude, longitude, gouvernorat_id)  VALUES (251,'La Marsa',37.0201,10.9109,1);
INSERT INTO public.sys_ville(  id, libelle, latitude, longitude, gouvernorat_id)  VALUES (252,'La Medina',36.81,9.99,1);
INSERT INTO public.sys_ville(  id, libelle, latitude, longitude, gouvernorat_id)  VALUES (253,'Le Bardo',36.83017,10.13736,1);
INSERT INTO public.sys_ville(  id, libelle, latitude, longitude, gouvernorat_id)  VALUES (254,'Sidi El Bechir',36.94,10,1);
INSERT INTO public.sys_ville(  id, libelle, latitude, longitude, gouvernorat_id)  VALUES (255,'Sidi Hassine',35.19028,10.00861,1);
INSERT INTO public.sys_ville(  id, libelle, latitude, longitude, gouvernorat_id)  VALUES (256,'Bir Mcherga',36.58219,9.98024,6);
INSERT INTO public.sys_ville(  id, libelle, latitude, longitude, gouvernorat_id)  VALUES (257,'El Fahs',36.28333,9.63333,6);
INSERT INTO public.sys_ville(  id, libelle, latitude, longitude, gouvernorat_id)  VALUES (258,'Ennadhour',36.686,10.03803,6);
INSERT INTO public.sys_ville(  id, libelle, latitude, longitude, gouvernorat_id)  VALUES (259,'Hammam Zriba',36.32,10.22,6);
INSERT INTO public.sys_ville(  id, libelle, latitude, longitude, gouvernorat_id)  VALUES (260,'Saouef',36.18558,10.15724,6);
INSERT INTO public.sys_ville(  id, libelle, latitude, longitude, gouvernorat_id)  VALUES (261,'Zaghouan',36.3998,10.1448,6);

/* Marque de Vehivules */
INSERT INTO public.ref_marque(id, libelle, is_bloque) VALUES (1,'ALFA ROMEO', FALSE);
INSERT INTO public.ref_marque(id, libelle, is_bloque) VALUES (2,'AUDI', FALSE);
INSERT INTO public.ref_marque(id, libelle, is_bloque) VALUES (3,'BMW', FALSE);
INSERT INTO public.ref_marque(id, libelle, is_bloque) VALUES (4,'CHEVROLET', FALSE);
INSERT INTO public.ref_marque(id, libelle, is_bloque) VALUES (5,'CITROËN', FALSE);
INSERT INTO public.ref_marque(id, libelle, is_bloque) VALUES (6,'DACIA', FALSE);
INSERT INTO public.ref_marque(id, libelle, is_bloque) VALUES (7,'FIAT', FALSE);
INSERT INTO public.ref_marque(id, libelle, is_bloque) VALUES (8,'FORD', FALSE);
INSERT INTO public.ref_marque(id, libelle, is_bloque) VALUES (9,'HYUNDAI', FALSE);
INSERT INTO public.ref_marque(id, libelle, is_bloque) VALUES (10,'ISUZU', FALSE);
INSERT INTO public.ref_marque(id, libelle, is_bloque) VALUES (11,'KIA', FALSE);
INSERT INTO public.ref_marque(id, libelle, is_bloque) VALUES (12,'MAZDA', FALSE);
INSERT INTO public.ref_marque(id, libelle, is_bloque) VALUES (13,'MERCEDES-BENZ', FALSE);
INSERT INTO public.ref_marque(id, libelle, is_bloque) VALUES (14,'MITSUBISHI', FALSE);
INSERT INTO public.ref_marque(id, libelle, is_bloque) VALUES (15,'NISSAN', FALSE);
INSERT INTO public.ref_marque(id, libelle, is_bloque) VALUES (16,'OPEL', FALSE);
INSERT INTO public.ref_marque(id, libelle, is_bloque) VALUES (17,'PEUGEOT', FALSE);
INSERT INTO public.ref_marque(id, libelle, is_bloque) VALUES (18,'RENAULT', FALSE);
INSERT INTO public.ref_marque(id, libelle, is_bloque) VALUES (19,'SEAT', FALSE);
INSERT INTO public.ref_marque(id, libelle, is_bloque) VALUES (20,'SKODA', FALSE);
INSERT INTO public.ref_marque(id, libelle, is_bloque) VALUES (21,'SSANGYONG', FALSE);
INSERT INTO public.ref_marque(id, libelle, is_bloque) VALUES (22,'TOYOTA', FALSE);
INSERT INTO public.ref_marque(id, libelle, is_bloque) VALUES (23,'VOLKSWAGEN', FALSE);

/* Modeles de Vehivules */
INSERT INTO public.ref_model_voiture (id, libelle, marque_id) VALUES (1,'164 FL92', 1);
INSERT INTO public.ref_model_voiture (id, libelle, marque_id) VALUES (2,'Alfasud', 1);
INSERT INTO public.ref_model_voiture (id, libelle, marque_id) VALUES (3,'Alfetta', 1);
INSERT INTO public.ref_model_voiture (id, libelle, marque_id) VALUES (4,'AR6', 1);
INSERT INTO public.ref_model_voiture (id, libelle, marque_id) VALUES (5,'AR8', 1);
INSERT INTO public.ref_model_voiture (id, libelle, marque_id) VALUES (6,'Arna', 1);
INSERT INTO public.ref_model_voiture (id, libelle, marque_id) VALUES (7,'Brera', 1);
INSERT INTO public.ref_model_voiture (id, libelle, marque_id) VALUES (8,'Giulia', 1);
INSERT INTO public.ref_model_voiture (id, libelle, marque_id) VALUES (9,'Giulietta I', 1);
INSERT INTO public.ref_model_voiture (id, libelle, marque_id) VALUES (10,'Giulietta II', 1);
INSERT INTO public.ref_model_voiture (id, libelle, marque_id) VALUES (11,'Giulietta FL2', 1);
INSERT INTO public.ref_model_voiture (id, libelle, marque_id) VALUES (12,'GT', 1);
INSERT INTO public.ref_model_voiture (id, libelle, marque_id) VALUES (13,'GTA', 1);
INSERT INTO public.ref_model_voiture (id, libelle, marque_id) VALUES (14,'GTV I', 1);
INSERT INTO public.ref_model_voiture (id, libelle, marque_id) VALUES (15,'GTV II', 1);
INSERT INTO public.ref_model_voiture (id, libelle, marque_id) VALUES (16,'GTV III', 1);
INSERT INTO public.ref_model_voiture (id, libelle, marque_id) VALUES (17,'Mi.To', 1);
INSERT INTO public.ref_model_voiture (id, libelle, marque_id) VALUES (18,'Montreal', 1);
INSERT INTO public.ref_model_voiture (id, libelle, marque_id) VALUES (19,'RZ', 1);
INSERT INTO public.ref_model_voiture (id, libelle, marque_id) VALUES (20,'Spider I', 1);
INSERT INTO public.ref_model_voiture (id, libelle, marque_id) VALUES (21,'Spider II', 1);
INSERT INTO public.ref_model_voiture (id, libelle, marque_id) VALUES (22,'Spider III', 1);
INSERT INTO public.ref_model_voiture (id, libelle, marque_id) VALUES (23,'SZ', 1);
INSERT INTO public.ref_model_voiture (id, libelle, marque_id) VALUES (24,'4C', 1);
INSERT INTO public.ref_model_voiture (id, libelle, marque_id) VALUES (25,'Alfa 6', 1);
INSERT INTO public.ref_model_voiture (id, libelle, marque_id) VALUES (26,'Alfa 33', 1);
INSERT INTO public.ref_model_voiture (id, libelle, marque_id) VALUES (27,'Alfa 75', 1);
INSERT INTO public.ref_model_voiture (id, libelle, marque_id) VALUES (28,'Alfa 90', 1);
INSERT INTO public.ref_model_voiture (id, libelle, marque_id) VALUES (29,'Alfa 145', 1);
INSERT INTO public.ref_model_voiture (id, libelle, marque_id) VALUES (30,'Alfa 146', 1);
INSERT INTO public.ref_model_voiture (id, libelle, marque_id) VALUES (31,'Alfa 147', 1);
INSERT INTO public.ref_model_voiture (id, libelle, marque_id) VALUES (32,'Alfa 155', 1);
INSERT INTO public.ref_model_voiture (id, libelle, marque_id) VALUES (33,'Alfa 156', 1);
INSERT INTO public.ref_model_voiture (id, libelle, marque_id) VALUES (34,'Alfa 159', 1);
INSERT INTO public.ref_model_voiture (id, libelle, marque_id) VALUES (35,'Alfa 164', 1);
INSERT INTO public.ref_model_voiture (id, libelle, marque_id) VALUES (36,'Alfa 166', 1);
INSERT INTO public.ref_model_voiture (id, libelle, marque_id) VALUES (37,'Alfa 1300', 1);
INSERT INTO public.ref_model_voiture (id, libelle, marque_id) VALUES (38,'Alfa 1600', 1);
INSERT INTO public.ref_model_voiture (id, libelle, marque_id) VALUES (39,'Alfa 1750', 1);
INSERT INTO public.ref_model_voiture (id, libelle, marque_id) VALUES (40,'Alfa 2000', 1);
INSERT INTO public.ref_model_voiture (id, libelle, marque_id) VALUES (41,'Alfa 2300', 1);
INSERT INTO public.ref_model_voiture (id, libelle, marque_id) VALUES (42,'Quattro', 2);
INSERT INTO public.ref_model_voiture (id, libelle, marque_id) VALUES (43,'AUDI V8', 2);
INSERT INTO public.ref_model_voiture (id, libelle, marque_id) VALUES (44,'AUDI 50', 2);
INSERT INTO public.ref_model_voiture (id, libelle, marque_id) VALUES (45,'AUDI 75', 2);
INSERT INTO public.ref_model_voiture (id, libelle, marque_id) VALUES (46,'AUDI 80', 2);
INSERT INTO public.ref_model_voiture (id, libelle, marque_id) VALUES (47,'AUDI 90', 2);
INSERT INTO public.ref_model_voiture (id, libelle, marque_id) VALUES (48,'AUDI 100', 2);
INSERT INTO public.ref_model_voiture (id, libelle, marque_id) VALUES (49,'AUDI 200', 2);
INSERT INTO public.ref_model_voiture (id, libelle, marque_id) VALUES (50,'AUDI A1', 2);
INSERT INTO public.ref_model_voiture (id, libelle, marque_id) VALUES (51,'AUDI A2', 2);
INSERT INTO public.ref_model_voiture (id, libelle, marque_id) VALUES (52,'AUDI A3', 2);
INSERT INTO public.ref_model_voiture (id, libelle, marque_id) VALUES (53,'AUDI A4', 2);
INSERT INTO public.ref_model_voiture (id, libelle, marque_id) VALUES (54,'AUDI A5', 2);
INSERT INTO public.ref_model_voiture (id, libelle, marque_id) VALUES (55,'AUDI A6', 2);
INSERT INTO public.ref_model_voiture (id, libelle, marque_id) VALUES (56,'AUDI A7', 2);
INSERT INTO public.ref_model_voiture (id, libelle, marque_id) VALUES (57,'AUDI A8', 2);
INSERT INTO public.ref_model_voiture (id, libelle, marque_id) VALUES (58,'AUDI S1', 2);
INSERT INTO public.ref_model_voiture (id, libelle, marque_id) VALUES (59,'AUDI S3', 2);
INSERT INTO public.ref_model_voiture (id, libelle, marque_id) VALUES (60,'AUDI S4', 2);
INSERT INTO public.ref_model_voiture (id, libelle, marque_id) VALUES (61,'AUDI S5', 2);
INSERT INTO public.ref_model_voiture (id, libelle, marque_id) VALUES (62,'AUDI S6', 2);
INSERT INTO public.ref_model_voiture (id, libelle, marque_id) VALUES (63,'AUDI S7', 2);
INSERT INTO public.ref_model_voiture (id, libelle, marque_id) VALUES (64,'AUDI S8', 2);
INSERT INTO public.ref_model_voiture (id, libelle, marque_id) VALUES (65,'AUDI SQ5', 2);
INSERT INTO public.ref_model_voiture (id, libelle, marque_id) VALUES (66,'AUDI RS2', 2);
INSERT INTO public.ref_model_voiture (id, libelle, marque_id) VALUES (67,'AUDI RS3', 2);
INSERT INTO public.ref_model_voiture (id, libelle, marque_id) VALUES (68,'AUDI RS4', 2);
INSERT INTO public.ref_model_voiture (id, libelle, marque_id) VALUES (69,'AUDI RS5', 2);
INSERT INTO public.ref_model_voiture (id, libelle, marque_id) VALUES (70,'AUDI RS6', 2);
INSERT INTO public.ref_model_voiture (id, libelle, marque_id) VALUES (71,'AUDI RS7', 2);
INSERT INTO public.ref_model_voiture (id, libelle, marque_id) VALUES (72,'AUDI RS Q3', 2);
INSERT INTO public.ref_model_voiture (id, libelle, marque_id) VALUES (73,'AUDI R8', 2);
INSERT INTO public.ref_model_voiture (id, libelle, marque_id) VALUES (74,'AUDI TT', 2);
INSERT INTO public.ref_model_voiture (id, libelle, marque_id) VALUES (75,'AUDI TTRS', 2);
INSERT INTO public.ref_model_voiture (id, libelle, marque_id) VALUES (76,'AUDI Q3', 2);
INSERT INTO public.ref_model_voiture (id, libelle, marque_id) VALUES (77,'AUDI Q5', 2);
INSERT INTO public.ref_model_voiture (id, libelle, marque_id) VALUES (78,'AUDI Q7', 2);
INSERT INTO public.ref_model_voiture (id, libelle, marque_id) VALUES (79,'AUDI Cabriolet', 2);
INSERT INTO public.ref_model_voiture (id, libelle, marque_id) VALUES (80,'Serie 1', 3);
INSERT INTO public.ref_model_voiture (id, libelle, marque_id) VALUES (81,'Serie 2', 3);
INSERT INTO public.ref_model_voiture (id, libelle, marque_id) VALUES (82,'Serie 3', 3);
INSERT INTO public.ref_model_voiture (id, libelle, marque_id) VALUES (83,'Serie 4', 3);
INSERT INTO public.ref_model_voiture (id, libelle, marque_id) VALUES (84,'Serie 5', 3);
INSERT INTO public.ref_model_voiture (id, libelle, marque_id) VALUES (85,'Serie 6', 3);
INSERT INTO public.ref_model_voiture (id, libelle, marque_id) VALUES (86,'Serie 7', 3);
INSERT INTO public.ref_model_voiture (id, libelle, marque_id) VALUES (87,'Serie 8', 3);
INSERT INTO public.ref_model_voiture (id, libelle, marque_id) VALUES (88,'M1', 3);
INSERT INTO public.ref_model_voiture (id, libelle, marque_id) VALUES (89,'M2', 3);
INSERT INTO public.ref_model_voiture (id, libelle, marque_id) VALUES (90,'M3', 3);
INSERT INTO public.ref_model_voiture (id, libelle, marque_id) VALUES (91,'M4', 3);
INSERT INTO public.ref_model_voiture (id, libelle, marque_id) VALUES (92,'M5', 3);
INSERT INTO public.ref_model_voiture (id, libelle, marque_id) VALUES (93,'M6', 3);
INSERT INTO public.ref_model_voiture (id, libelle, marque_id) VALUES (94,'Z1', 3);
INSERT INTO public.ref_model_voiture (id, libelle, marque_id) VALUES (95,'Z3', 3);
INSERT INTO public.ref_model_voiture (id, libelle, marque_id) VALUES (96,'Z4', 3);
INSERT INTO public.ref_model_voiture (id, libelle, marque_id) VALUES (97,'Z8', 3);
INSERT INTO public.ref_model_voiture (id, libelle, marque_id) VALUES (98,'X1', 3);
INSERT INTO public.ref_model_voiture (id, libelle, marque_id) VALUES (99,'X3', 3);
INSERT INTO public.ref_model_voiture (id, libelle, marque_id) VALUES (100,'X4', 3);
INSERT INTO public.ref_model_voiture (id, libelle, marque_id) VALUES (101,'X5', 3);
INSERT INTO public.ref_model_voiture (id, libelle, marque_id) VALUES (102,'X6', 3);
INSERT INTO public.ref_model_voiture (id, libelle, marque_id) VALUES (103,'i3', 3);
INSERT INTO public.ref_model_voiture (id, libelle, marque_id) VALUES (104,'i8', 3);
INSERT INTO public.ref_model_voiture (id, libelle, marque_id) VALUES (105,'Alero', 4);
INSERT INTO public.ref_model_voiture (id, libelle, marque_id) VALUES (106,'ASTRO', 4);
INSERT INTO public.ref_model_voiture (id, libelle, marque_id) VALUES (107,'Aveo', 4);
INSERT INTO public.ref_model_voiture (id, libelle, marque_id) VALUES (108,'BERETTA', 4);
INSERT INTO public.ref_model_voiture (id, libelle, marque_id) VALUES (109,'Blazer', 4);
INSERT INTO public.ref_model_voiture (id, libelle, marque_id) VALUES (110,'C1500', 4);
INSERT INTO public.ref_model_voiture (id, libelle, marque_id) VALUES (111,'C2500', 4);
INSERT INTO public.ref_model_voiture (id, libelle, marque_id) VALUES (112,'C3500', 4);
INSERT INTO public.ref_model_voiture (id, libelle, marque_id) VALUES (113,'CAMARO', 4);
INSERT INTO public.ref_model_voiture (id, libelle, marque_id) VALUES (114,'CAPRICE', 4);
INSERT INTO public.ref_model_voiture (id, libelle, marque_id) VALUES (115,'Captiva', 4);
INSERT INTO public.ref_model_voiture (id, libelle, marque_id) VALUES (116,'CAVALIER', 4);
INSERT INTO public.ref_model_voiture (id, libelle, marque_id) VALUES (117,'CELTA', 4);
INSERT INTO public.ref_model_voiture (id, libelle, marque_id) VALUES (118,'CORSICA', 4);
INSERT INTO public.ref_model_voiture (id, libelle, marque_id) VALUES (119,'Corvette', 4);
INSERT INTO public.ref_model_voiture (id, libelle, marque_id) VALUES (120,'CRUZE', 4);
INSERT INTO public.ref_model_voiture (id, libelle, marque_id) VALUES (121,'Epica', 4);
INSERT INTO public.ref_model_voiture (id, libelle, marque_id) VALUES (122,'Evanda', 4);
INSERT INTO public.ref_model_voiture (id, libelle, marque_id) VALUES (123,'G20', 4);
INSERT INTO public.ref_model_voiture (id, libelle, marque_id) VALUES (124,'G30', 4);
INSERT INTO public.ref_model_voiture (id, libelle, marque_id) VALUES (125,'HHR', 4);
INSERT INTO public.ref_model_voiture (id, libelle, marque_id) VALUES (126,'IMPALA', 4);
INSERT INTO public.ref_model_voiture (id, libelle, marque_id) VALUES (127,'Kalos', 4);
INSERT INTO public.ref_model_voiture (id, libelle, marque_id) VALUES (128,'Lacetti', 4);
INSERT INTO public.ref_model_voiture (id, libelle, marque_id) VALUES (129,'Lanos', 4);
INSERT INTO public.ref_model_voiture (id, libelle, marque_id) VALUES (130,'LUMINA', 4);
INSERT INTO public.ref_model_voiture (id, libelle, marque_id) VALUES (131,'Malibu', 4);
INSERT INTO public.ref_model_voiture (id, libelle, marque_id) VALUES (132,'Matiz', 4);
INSERT INTO public.ref_model_voiture (id, libelle, marque_id) VALUES (133,'MONTE CARLO', 4);
INSERT INTO public.ref_model_voiture (id, libelle, marque_id) VALUES (134,'Nubira', 4);
INSERT INTO public.ref_model_voiture (id, libelle, marque_id) VALUES (135,'OPTRA', 4);
INSERT INTO public.ref_model_voiture (id, libelle, marque_id) VALUES (136,'Orlando', 4);
INSERT INTO public.ref_model_voiture (id, libelle, marque_id) VALUES (137,'Rezzo', 4);
INSERT INTO public.ref_model_voiture (id, libelle, marque_id) VALUES (138,'S10', 4);
INSERT INTO public.ref_model_voiture (id, libelle, marque_id) VALUES (139,'SILVERADO', 4);
INSERT INTO public.ref_model_voiture (id, libelle, marque_id) VALUES (140,'Spark', 4);
INSERT INTO public.ref_model_voiture (id, libelle, marque_id) VALUES (141,'SUBURBAN', 4);
INSERT INTO public.ref_model_voiture (id, libelle, marque_id) VALUES (142,'Tacuma', 4);
INSERT INTO public.ref_model_voiture (id, libelle, marque_id) VALUES (143,'TAHOE', 4);
INSERT INTO public.ref_model_voiture (id, libelle, marque_id) VALUES (144,'TRAILBAZER', 4);
INSERT INTO public.ref_model_voiture (id, libelle, marque_id) VALUES (145,'Trans Sport', 4);
INSERT INTO public.ref_model_voiture (id, libelle, marque_id) VALUES (146,'Trax', 4);
INSERT INTO public.ref_model_voiture (id, libelle, marque_id) VALUES (147,'VIVANT', 4);
INSERT INTO public.ref_model_voiture (id, libelle, marque_id) VALUES (148,'Volt', 4);
INSERT INTO public.ref_model_voiture (id, libelle, marque_id) VALUES (149,'Space Tourer', 5);
INSERT INTO public.ref_model_voiture (id, libelle, marque_id) VALUES (150,'2 CV', 5);
INSERT INTO public.ref_model_voiture (id, libelle, marque_id) VALUES (151,'Acadiane', 5);
INSERT INTO public.ref_model_voiture (id, libelle, marque_id) VALUES (152,'Ami 6', 5);
INSERT INTO public.ref_model_voiture (id, libelle, marque_id) VALUES (153,'Ami 8', 5);
INSERT INTO public.ref_model_voiture (id, libelle, marque_id) VALUES (154,'AX', 5);
INSERT INTO public.ref_model_voiture (id, libelle, marque_id) VALUES (155,'Axel', 5);
INSERT INTO public.ref_model_voiture (id, libelle, marque_id) VALUES (156,'Berlingo', 5);
INSERT INTO public.ref_model_voiture (id, libelle, marque_id) VALUES (157,'BX', 5);
INSERT INTO public.ref_model_voiture (id, libelle, marque_id) VALUES (158,'DS', 5);
INSERT INTO public.ref_model_voiture (id, libelle, marque_id) VALUES (159,'C-Elysee', 5);
INSERT INTO public.ref_model_voiture (id, libelle, marque_id) VALUES (160,'C-Zero', 5);
INSERT INTO public.ref_model_voiture (id, libelle, marque_id) VALUES (161,'C1', 5);
INSERT INTO public.ref_model_voiture (id, libelle, marque_id) VALUES (162,'C2', 5);
INSERT INTO public.ref_model_voiture (id, libelle, marque_id) VALUES (163,'C3 Picasso', 5);
INSERT INTO public.ref_model_voiture (id, libelle, marque_id) VALUES (164,'C3', 5);
INSERT INTO public.ref_model_voiture (id, libelle, marque_id) VALUES (165,'DS3', 5);
INSERT INTO public.ref_model_voiture (id, libelle, marque_id) VALUES (166,'C4', 5);
INSERT INTO public.ref_model_voiture (id, libelle, marque_id) VALUES (167,'C4 Aircross', 5);
INSERT INTO public.ref_model_voiture (id, libelle, marque_id) VALUES (168,'C4 Cactus', 5);
INSERT INTO public.ref_model_voiture (id, libelle, marque_id) VALUES (169,'C4 Picasso', 5);
INSERT INTO public.ref_model_voiture (id, libelle, marque_id) VALUES (170,'C4 Grand Picasso', 5);
INSERT INTO public.ref_model_voiture (id, libelle, marque_id) VALUES (171,'DS4', 5);
INSERT INTO public.ref_model_voiture (id, libelle, marque_id) VALUES (172,'DS5', 5);
INSERT INTO public.ref_model_voiture (id, libelle, marque_id) VALUES (173,'C5', 5);
INSERT INTO public.ref_model_voiture (id, libelle, marque_id) VALUES (174,'C6', 5);
INSERT INTO public.ref_model_voiture (id, libelle, marque_id) VALUES (175,'C8', 5);
INSERT INTO public.ref_model_voiture (id, libelle, marque_id) VALUES (176,'C15', 5);
INSERT INTO public.ref_model_voiture (id, libelle, marque_id) VALUES (177,'C25', 5);
INSERT INTO public.ref_model_voiture (id, libelle, marque_id) VALUES (178,'C32', 5);
INSERT INTO public.ref_model_voiture (id, libelle, marque_id) VALUES (179,'C35', 5);
INSERT INTO public.ref_model_voiture (id, libelle, marque_id) VALUES (180,'C Crosser', 5);
INSERT INTO public.ref_model_voiture (id, libelle, marque_id) VALUES (181,'CX', 5);
INSERT INTO public.ref_model_voiture (id, libelle, marque_id) VALUES (182,'Dispatch', 5);
INSERT INTO public.ref_model_voiture (id, libelle, marque_id) VALUES (183,'Dyane', 5);
INSERT INTO public.ref_model_voiture (id, libelle, marque_id) VALUES (184,'Evasion', 5);
INSERT INTO public.ref_model_voiture (id, libelle, marque_id) VALUES (185,'GS', 5);
INSERT INTO public.ref_model_voiture (id, libelle, marque_id) VALUES (186,'ID', 5);
INSERT INTO public.ref_model_voiture (id, libelle, marque_id) VALUES (187,'H', 5);
INSERT INTO public.ref_model_voiture (id, libelle, marque_id) VALUES (188,'Jumper', 5);
INSERT INTO public.ref_model_voiture (id, libelle, marque_id) VALUES (189,'Jumpy', 5);
INSERT INTO public.ref_model_voiture (id, libelle, marque_id) VALUES (190,'LN', 5);
INSERT INTO public.ref_model_voiture (id, libelle, marque_id) VALUES (191,'LNA', 5);
INSERT INTO public.ref_model_voiture (id, libelle, marque_id) VALUES (192,'Mehari', 5);
INSERT INTO public.ref_model_voiture (id, libelle, marque_id) VALUES (193,'Nemo', 5);
INSERT INTO public.ref_model_voiture (id, libelle, marque_id) VALUES (194,'Relay', 5);
INSERT INTO public.ref_model_voiture (id, libelle, marque_id) VALUES (195,'Saxo', 5);
INSERT INTO public.ref_model_voiture (id, libelle, marque_id) VALUES (196,'SM', 5);
INSERT INTO public.ref_model_voiture (id, libelle, marque_id) VALUES (197,'Synergie', 5);
INSERT INTO public.ref_model_voiture (id, libelle, marque_id) VALUES (198,'Visa', 5);
INSERT INTO public.ref_model_voiture (id, libelle, marque_id) VALUES (199,'Visa (10/1978 - 01/1988)', 5);
INSERT INTO public.ref_model_voiture (id, libelle, marque_id) VALUES (200,'Xantia', 5);
INSERT INTO public.ref_model_voiture (id, libelle, marque_id) VALUES (201,'XM', 5);
INSERT INTO public.ref_model_voiture (id, libelle, marque_id) VALUES (202,'Xsara Picasso', 5);
INSERT INTO public.ref_model_voiture (id, libelle, marque_id) VALUES (203,'Xsara', 5);
INSERT INTO public.ref_model_voiture (id, libelle, marque_id) VALUES (204,'ZX', 5);
INSERT INTO public.ref_model_voiture (id, libelle, marque_id) VALUES (205,'Dokker', 6);
INSERT INTO public.ref_model_voiture (id, libelle, marque_id) VALUES (206,'Sandero', 6);
INSERT INTO public.ref_model_voiture (id, libelle, marque_id) VALUES (207,'Logan', 6);
INSERT INTO public.ref_model_voiture (id, libelle, marque_id) VALUES (208,'Duster', 6);
INSERT INTO public.ref_model_voiture (id, libelle, marque_id) VALUES (209,'124', 7);
INSERT INTO public.ref_model_voiture (id, libelle, marque_id) VALUES (210,'125', 7);
INSERT INTO public.ref_model_voiture (id, libelle, marque_id) VALUES (211,'126', 7);
INSERT INTO public.ref_model_voiture (id, libelle, marque_id) VALUES (212,'127', 7);
INSERT INTO public.ref_model_voiture (id, libelle, marque_id) VALUES (213,'128', 7);
INSERT INTO public.ref_model_voiture (id, libelle, marque_id) VALUES (214,'130', 7);
INSERT INTO public.ref_model_voiture (id, libelle, marque_id) VALUES (215,'131', 7);
INSERT INTO public.ref_model_voiture (id, libelle, marque_id) VALUES (216,'132', 7);
INSERT INTO public.ref_model_voiture (id, libelle, marque_id) VALUES (217,'135 DINO', 7);
INSERT INTO public.ref_model_voiture (id, libelle, marque_id) VALUES (218,'147', 7);
INSERT INTO public.ref_model_voiture (id, libelle, marque_id) VALUES (219,'238', 7);
INSERT INTO public.ref_model_voiture (id, libelle, marque_id) VALUES (220,'242', 7);
INSERT INTO public.ref_model_voiture (id, libelle, marque_id) VALUES (221,'500', 7);
INSERT INTO public.ref_model_voiture (id, libelle, marque_id) VALUES (222,'600', 7);
INSERT INTO public.ref_model_voiture (id, libelle, marque_id) VALUES (223,'850', 7);
INSERT INTO public.ref_model_voiture (id, libelle, marque_id) VALUES (224,'900', 7);
INSERT INTO public.ref_model_voiture (id, libelle, marque_id) VALUES (225,'1500', 7);
INSERT INTO public.ref_model_voiture (id, libelle, marque_id) VALUES (226,'Albea', 7);
INSERT INTO public.ref_model_voiture (id, libelle, marque_id) VALUES (227,'Argenta', 7);
INSERT INTO public.ref_model_voiture (id, libelle, marque_id) VALUES (228,'Barchetta', 7);
INSERT INTO public.ref_model_voiture (id, libelle, marque_id) VALUES (229,'Brava', 7);
INSERT INTO public.ref_model_voiture (id, libelle, marque_id) VALUES (230,'Bravo', 7);
INSERT INTO public.ref_model_voiture (id, libelle, marque_id) VALUES (231,'Campagnola', 7);
INSERT INTO public.ref_model_voiture (id, libelle, marque_id) VALUES (232,'Cinquecento', 7);
INSERT INTO public.ref_model_voiture (id, libelle, marque_id) VALUES (233,'Coupe (PC)', 7);
INSERT INTO public.ref_model_voiture (id, libelle, marque_id) VALUES (234,'Coupe (PX)', 7);
INSERT INTO public.ref_model_voiture (id, libelle, marque_id) VALUES (235,'Croma', 7);
INSERT INTO public.ref_model_voiture (id, libelle, marque_id) VALUES (236,'Doblo', 7);
INSERT INTO public.ref_model_voiture (id, libelle, marque_id) VALUES (237,'Ducato', 7);
INSERT INTO public.ref_model_voiture (id, libelle, marque_id) VALUES (238,'Duna', 7);
INSERT INTO public.ref_model_voiture (id, libelle, marque_id) VALUES (239,'ELBA', 7);
INSERT INTO public.ref_model_voiture (id, libelle, marque_id) VALUES (240,'Fiorino', 7);
INSERT INTO public.ref_model_voiture (id, libelle, marque_id) VALUES (241,'Freemont', 7);
INSERT INTO public.ref_model_voiture (id, libelle, marque_id) VALUES (242,'Punto', 7);
INSERT INTO public.ref_model_voiture (id, libelle, marque_id) VALUES (243,'Grande Punto', 7);
INSERT INTO public.ref_model_voiture (id, libelle, marque_id) VALUES (244,'Nuova Punto', 7);
INSERT INTO public.ref_model_voiture (id, libelle, marque_id) VALUES (245,'Punto Evo', 7);
INSERT INTO public.ref_model_voiture (id, libelle, marque_id) VALUES (246,'Idea', 7);
INSERT INTO public.ref_model_voiture (id, libelle, marque_id) VALUES (247,'VIPER', 7);
INSERT INTO public.ref_model_voiture (id, libelle, marque_id) VALUES (248,'JAGST', 7);
INSERT INTO public.ref_model_voiture (id, libelle, marque_id) VALUES (249,'Linea', 7);
INSERT INTO public.ref_model_voiture (id, libelle, marque_id) VALUES (250,'Marea', 7);
INSERT INTO public.ref_model_voiture (id, libelle, marque_id) VALUES (251,'Marengo', 7);
INSERT INTO public.ref_model_voiture (id, libelle, marque_id) VALUES (252,'Multipla', 7);
INSERT INTO public.ref_model_voiture (id, libelle, marque_id) VALUES (253,'Palio', 7);
INSERT INTO public.ref_model_voiture (id, libelle, marque_id) VALUES (254,'Panda', 7);
INSERT INTO public.ref_model_voiture (id, libelle, marque_id) VALUES (255,'PREMIO', 7);
INSERT INTO public.ref_model_voiture (id, libelle, marque_id) VALUES (256,'Qubo', 7);
INSERT INTO public.ref_model_voiture (id, libelle, marque_id) VALUES (257,'Regata', 7);
INSERT INTO public.ref_model_voiture (id, libelle, marque_id) VALUES (258,'Ritmo', 7);
INSERT INTO public.ref_model_voiture (id, libelle, marque_id) VALUES (259,'Scudo', 7);
INSERT INTO public.ref_model_voiture (id, libelle, marque_id) VALUES (260,'Sedici', 7);
INSERT INTO public.ref_model_voiture (id, libelle, marque_id) VALUES (261,'Seicento', 7);
INSERT INTO public.ref_model_voiture (id, libelle, marque_id) VALUES (262,'Siena', 7);
INSERT INTO public.ref_model_voiture (id, libelle, marque_id) VALUES (263,'Spider', 7);
INSERT INTO public.ref_model_voiture (id, libelle, marque_id) VALUES (264,'Stilo', 7);
INSERT INTO public.ref_model_voiture (id, libelle, marque_id) VALUES (265,'Strada', 7);
INSERT INTO public.ref_model_voiture (id, libelle, marque_id) VALUES (266,'Talento', 7);
INSERT INTO public.ref_model_voiture (id, libelle, marque_id) VALUES (267,'Tempra', 7);
INSERT INTO public.ref_model_voiture (id, libelle, marque_id) VALUES (268,'Tipo', 7);
INSERT INTO public.ref_model_voiture (id, libelle, marque_id) VALUES (269,'Ulysse', 7);
INSERT INTO public.ref_model_voiture (id, libelle, marque_id) VALUES (270,'Uno', 7);
INSERT INTO public.ref_model_voiture (id, libelle, marque_id) VALUES (271,'X1/9', 7);
INSERT INTO public.ref_model_voiture (id, libelle, marque_id) VALUES (272,'ACTIVA', 8);
INSERT INTO public.ref_model_voiture (id, libelle, marque_id) VALUES (273,'B-Max', 8);
INSERT INTO public.ref_model_voiture (id, libelle, marque_id) VALUES (274,'Capri', 8);
INSERT INTO public.ref_model_voiture (id, libelle, marque_id) VALUES (275,'C-Max', 8);
INSERT INTO public.ref_model_voiture (id, libelle, marque_id) VALUES (276,'Grand C-Max', 8);
INSERT INTO public.ref_model_voiture (id, libelle, marque_id) VALUES (277,'CONSUL', 8);
INSERT INTO public.ref_model_voiture (id, libelle, marque_id) VALUES (278,'CORSAIR', 8);
INSERT INTO public.ref_model_voiture (id, libelle, marque_id) VALUES (279,'Cortina', 8);
INSERT INTO public.ref_model_voiture (id, libelle, marque_id) VALUES (280,'Cougar', 8);
INSERT INTO public.ref_model_voiture (id, libelle, marque_id) VALUES (281,'Courrier Courier', 8);
INSERT INTO public.ref_model_voiture (id, libelle, marque_id) VALUES (282,'Tourneo Courier', 8);
INSERT INTO public.ref_model_voiture (id, libelle, marque_id) VALUES (283,'Transit Courier', 8);
INSERT INTO public.ref_model_voiture (id, libelle, marque_id) VALUES (284,'ECONOVAN', 8);
INSERT INTO public.ref_model_voiture (id, libelle, marque_id) VALUES (285,'Ecosport', 8);
INSERT INTO public.ref_model_voiture (id, libelle, marque_id) VALUES (286,'Escort', 8);
INSERT INTO public.ref_model_voiture (id, libelle, marque_id) VALUES (287,'Fiesta', 8);
INSERT INTO public.ref_model_voiture (id, libelle, marque_id) VALUES (288,'Focus', 8);
INSERT INTO public.ref_model_voiture (id, libelle, marque_id) VALUES (289,'Fusion', 8);
INSERT INTO public.ref_model_voiture (id, libelle, marque_id) VALUES (290,'Galaxy', 8);
INSERT INTO public.ref_model_voiture (id, libelle, marque_id) VALUES (291,'Granada', 8);
INSERT INTO public.ref_model_voiture (id, libelle, marque_id) VALUES (292,'GT', 8);
INSERT INTO public.ref_model_voiture (id, libelle, marque_id) VALUES (293,'Ka', 8);
INSERT INTO public.ref_model_voiture (id, libelle, marque_id) VALUES (294,'Kuga', 8);
INSERT INTO public.ref_model_voiture (id, libelle, marque_id) VALUES (295,'Maverick', 8);
INSERT INTO public.ref_model_voiture (id, libelle, marque_id) VALUES (296,'Mondeo', 8);
INSERT INTO public.ref_model_voiture (id, libelle, marque_id) VALUES (297,'Mustang', 8);
INSERT INTO public.ref_model_voiture (id, libelle, marque_id) VALUES (298,'Orion', 8);
INSERT INTO public.ref_model_voiture (id, libelle, marque_id) VALUES (299,'P100 Pick-up', 8);
INSERT INTO public.ref_model_voiture (id, libelle, marque_id) VALUES (300,'Puma', 8);
INSERT INTO public.ref_model_voiture (id, libelle, marque_id) VALUES (301,'Ranger', 8);
INSERT INTO public.ref_model_voiture (id, libelle, marque_id) VALUES (302,'Scorpio', 8);
INSERT INTO public.ref_model_voiture (id, libelle, marque_id) VALUES (303,'Sierra', 8);
INSERT INTO public.ref_model_voiture (id, libelle, marque_id) VALUES (304,'S-Max', 8);
INSERT INTO public.ref_model_voiture (id, libelle, marque_id) VALUES (305,'StreetKa', 8);
INSERT INTO public.ref_model_voiture (id, libelle, marque_id) VALUES (306,'Taunus', 8);
INSERT INTO public.ref_model_voiture (id, libelle, marque_id) VALUES (307,'Connect', 8);
INSERT INTO public.ref_model_voiture (id, libelle, marque_id) VALUES (308,'Tourneo Connect', 8);
INSERT INTO public.ref_model_voiture (id, libelle, marque_id) VALUES (309,'Transit Connect', 8);
INSERT INTO public.ref_model_voiture (id, libelle, marque_id) VALUES (310,'Transit', 8);
INSERT INTO public.ref_model_voiture (id, libelle, marque_id) VALUES (311,'ZEPHYR', 8);
INSERT INTO public.ref_model_voiture (id, libelle, marque_id) VALUES (312,'ZODIAC', 8);
INSERT INTO public.ref_model_voiture (id, libelle, marque_id) VALUES (313,'i 10', 9);
INSERT INTO public.ref_model_voiture (id, libelle, marque_id) VALUES (314,'I 20', 9);
INSERT INTO public.ref_model_voiture (id, libelle, marque_id) VALUES (315,'I 30', 9);
INSERT INTO public.ref_model_voiture (id, libelle, marque_id) VALUES (316,'I 45', 9);
INSERT INTO public.ref_model_voiture (id, libelle, marque_id) VALUES (317,'Elantra', 9);
INSERT INTO public.ref_model_voiture (id, libelle, marque_id) VALUES (318,'Sonata', 9);
INSERT INTO public.ref_model_voiture (id, libelle, marque_id) VALUES (319,'D-MAX', 10);
INSERT INTO public.ref_model_voiture (id, libelle, marque_id) VALUES (320,'Besta', 11);
INSERT INTO public.ref_model_voiture (id, libelle, marque_id) VALUES (321,'Carens', 11);
INSERT INTO public.ref_model_voiture (id, libelle, marque_id) VALUES (322,'Carnival', 11);
INSERT INTO public.ref_model_voiture (id, libelle, marque_id) VALUES (323,'Ceed', 11);
INSERT INTO public.ref_model_voiture (id, libelle, marque_id) VALUES (324,'Cerato', 11);
INSERT INTO public.ref_model_voiture (id, libelle, marque_id) VALUES (325,'Clarus', 11);
INSERT INTO public.ref_model_voiture (id, libelle, marque_id) VALUES (326,'Credos', 11);
INSERT INTO public.ref_model_voiture (id, libelle, marque_id) VALUES (327,'Elan', 11);
INSERT INTO public.ref_model_voiture (id, libelle, marque_id) VALUES (328,'Joice', 11);
INSERT INTO public.ref_model_voiture (id, libelle, marque_id) VALUES (329,'K2500', 11);
INSERT INTO public.ref_model_voiture (id, libelle, marque_id) VALUES (330,'K2700', 11);
INSERT INTO public.ref_model_voiture (id, libelle, marque_id) VALUES (331,'Magentis', 11);
INSERT INTO public.ref_model_voiture (id, libelle, marque_id) VALUES (332,'Opirus', 11);
INSERT INTO public.ref_model_voiture (id, libelle, marque_id) VALUES (333,'Optima', 11);
INSERT INTO public.ref_model_voiture (id, libelle, marque_id) VALUES (334,'Picanto', 11);
INSERT INTO public.ref_model_voiture (id, libelle, marque_id) VALUES (335,'Pregio', 11);
INSERT INTO public.ref_model_voiture (id, libelle, marque_id) VALUES (336,'Pride', 11);
INSERT INTO public.ref_model_voiture (id, libelle, marque_id) VALUES (337,'Retona', 11);
INSERT INTO public.ref_model_voiture (id, libelle, marque_id) VALUES (338,'Rio', 11);
INSERT INTO public.ref_model_voiture (id, libelle, marque_id) VALUES (339,'Sedona', 11);
INSERT INTO public.ref_model_voiture (id, libelle, marque_id) VALUES (340,'Sephia', 11);
INSERT INTO public.ref_model_voiture (id, libelle, marque_id) VALUES (341,'Shuma', 11);
INSERT INTO public.ref_model_voiture (id, libelle, marque_id) VALUES (342,'Sorento', 11);
INSERT INTO public.ref_model_voiture (id, libelle, marque_id) VALUES (343,'Soul', 11);
INSERT INTO public.ref_model_voiture (id, libelle, marque_id) VALUES (344,'Sportage', 11);
INSERT INTO public.ref_model_voiture (id, libelle, marque_id) VALUES (345,'Venga', 11);
INSERT INTO public.ref_model_voiture (id, libelle, marque_id) VALUES (346,'121', 12);
INSERT INTO public.ref_model_voiture (id, libelle, marque_id) VALUES (347,'323', 12);
INSERT INTO public.ref_model_voiture (id, libelle, marque_id) VALUES (348,'616', 12);
INSERT INTO public.ref_model_voiture (id, libelle, marque_id) VALUES (349,'626', 12);
INSERT INTO public.ref_model_voiture (id, libelle, marque_id) VALUES (350,'818', 12);
INSERT INTO public.ref_model_voiture (id, libelle, marque_id) VALUES (351,'929', 12);
INSERT INTO public.ref_model_voiture (id, libelle, marque_id) VALUES (352,'1000', 12);
INSERT INTO public.ref_model_voiture (id, libelle, marque_id) VALUES (353,'1300', 12);
INSERT INTO public.ref_model_voiture (id, libelle, marque_id) VALUES (354,'B', 12);
INSERT INTO public.ref_model_voiture (id, libelle, marque_id) VALUES (355,'CX-3', 12);
INSERT INTO public.ref_model_voiture (id, libelle, marque_id) VALUES (356,'CX-5', 12);
INSERT INTO public.ref_model_voiture (id, libelle, marque_id) VALUES (357,'CX-7', 12);
INSERT INTO public.ref_model_voiture (id, libelle, marque_id) VALUES (358,'CX-9', 12);
INSERT INTO public.ref_model_voiture (id, libelle, marque_id) VALUES (359,'Demio', 12);
INSERT INTO public.ref_model_voiture (id, libelle, marque_id) VALUES (360,'E', 12);
INSERT INTO public.ref_model_voiture (id, libelle, marque_id) VALUES (361,'Mazda 2', 12);
INSERT INTO public.ref_model_voiture (id, libelle, marque_id) VALUES (362,'Mazda 3', 12);
INSERT INTO public.ref_model_voiture (id, libelle, marque_id) VALUES (363,'Mazda 5', 12);
INSERT INTO public.ref_model_voiture (id, libelle, marque_id) VALUES (364,'Mazda 5 (CR) Phase 2 (09/2007 - 05/2010)', 12);
INSERT INTO public.ref_model_voiture (id, libelle, marque_id) VALUES (365,'Mazda 6', 12);
INSERT INTO public.ref_model_voiture (id, libelle, marque_id) VALUES (366,'BT50', 12);
INSERT INTO public.ref_model_voiture (id, libelle, marque_id) VALUES (367,'MPV', 12);
INSERT INTO public.ref_model_voiture (id, libelle, marque_id) VALUES (368,'MX3', 12);
INSERT INTO public.ref_model_voiture (id, libelle, marque_id) VALUES (369,'MX5', 12);
INSERT INTO public.ref_model_voiture (id, libelle, marque_id) VALUES (370,'MX6', 12);
INSERT INTO public.ref_model_voiture (id, libelle, marque_id) VALUES (371,'Premacy', 12);
INSERT INTO public.ref_model_voiture (id, libelle, marque_id) VALUES (372,'RX-5', 12);
INSERT INTO public.ref_model_voiture (id, libelle, marque_id) VALUES (373,'RX-7', 12);
INSERT INTO public.ref_model_voiture (id, libelle, marque_id) VALUES (374,'RX-8', 12);
INSERT INTO public.ref_model_voiture (id, libelle, marque_id) VALUES (375,'Tribute', 12);
INSERT INTO public.ref_model_voiture (id, libelle, marque_id) VALUES (376,'Xedos', 12);
INSERT INTO public.ref_model_voiture (id, libelle, marque_id) VALUES (377,'Classe SLC', 13);
INSERT INTO public.ref_model_voiture (id, libelle, marque_id) VALUES (378,'190', 13);
INSERT INTO public.ref_model_voiture (id, libelle, marque_id) VALUES (379,'Citan', 13);
INSERT INTO public.ref_model_voiture (id, libelle, marque_id) VALUES (380,'Classe A', 13);
INSERT INTO public.ref_model_voiture (id, libelle, marque_id) VALUES (381,'Classe B', 13);
INSERT INTO public.ref_model_voiture (id, libelle, marque_id) VALUES (382,'Classe C', 13);
INSERT INTO public.ref_model_voiture (id, libelle, marque_id) VALUES (383,'Classe CLA', 13);
INSERT INTO public.ref_model_voiture (id, libelle, marque_id) VALUES (384,'Classe CLC', 13);
INSERT INTO public.ref_model_voiture (id, libelle, marque_id) VALUES (385,'Classe CLK', 13);
INSERT INTO public.ref_model_voiture (id, libelle, marque_id) VALUES (386,'Classe CLS', 13);
INSERT INTO public.ref_model_voiture (id, libelle, marque_id) VALUES (387,'Classe E', 13);
INSERT INTO public.ref_model_voiture (id, libelle, marque_id) VALUES (388,'Classe G', 13);
INSERT INTO public.ref_model_voiture (id, libelle, marque_id) VALUES (389,'Classe GL', 13);
INSERT INTO public.ref_model_voiture (id, libelle, marque_id) VALUES (390,'Classe GLA', 13);
INSERT INTO public.ref_model_voiture (id, libelle, marque_id) VALUES (391,'Classe GLC', 13);
INSERT INTO public.ref_model_voiture (id, libelle, marque_id) VALUES (392,'Classe GLE', 13);
INSERT INTO public.ref_model_voiture (id, libelle, marque_id) VALUES (393,'Classe GLK', 13);
INSERT INTO public.ref_model_voiture (id, libelle, marque_id) VALUES (394,'Classe GLS', 13);
INSERT INTO public.ref_model_voiture (id, libelle, marque_id) VALUES (395,'Classe ML', 13);
INSERT INTO public.ref_model_voiture (id, libelle, marque_id) VALUES (396,'Classe R', 13);
INSERT INTO public.ref_model_voiture (id, libelle, marque_id) VALUES (397,'Classe S', 13);
INSERT INTO public.ref_model_voiture (id, libelle, marque_id) VALUES (398,'Classe SL', 13);
INSERT INTO public.ref_model_voiture (id, libelle, marque_id) VALUES (399,'Classe SLC', 13);
INSERT INTO public.ref_model_voiture (id, libelle, marque_id) VALUES (400,'Classe SLR', 13);
INSERT INTO public.ref_model_voiture (id, libelle, marque_id) VALUES (401,'Classe SLK', 13);
INSERT INTO public.ref_model_voiture (id, libelle, marque_id) VALUES (402,'Classe V', 13);
INSERT INTO public.ref_model_voiture (id, libelle, marque_id) VALUES (403,'Classe CL', 13);
INSERT INTO public.ref_model_voiture (id, libelle, marque_id) VALUES (404,'Sprinter', 13);
INSERT INTO public.ref_model_voiture (id, libelle, marque_id) VALUES (405,'T1', 13);
INSERT INTO public.ref_model_voiture (id, libelle, marque_id) VALUES (406,'Transporter', 13);
INSERT INTO public.ref_model_voiture (id, libelle, marque_id) VALUES (407,'Vaneo', 13);
INSERT INTO public.ref_model_voiture (id, libelle, marque_id) VALUES (408,'Viano', 13);
INSERT INTO public.ref_model_voiture (id, libelle, marque_id) VALUES (409,'Vito', 13);
INSERT INTO public.ref_model_voiture (id, libelle, marque_id) VALUES (410,'MIRAGE', 14);
INSERT INTO public.ref_model_voiture (id, libelle, marque_id) VALUES (411,'Pajero', 14);
INSERT INTO public.ref_model_voiture (id, libelle, marque_id) VALUES (412,'L200', 14);
INSERT INTO public.ref_model_voiture (id, libelle, marque_id) VALUES (413,'GT-R', 15);
INSERT INTO public.ref_model_voiture (id, libelle, marque_id) VALUES (414,'Interstar', 15);
INSERT INTO public.ref_model_voiture (id, libelle, marque_id) VALUES (415,'100NX', 15);
INSERT INTO public.ref_model_voiture (id, libelle, marque_id) VALUES (416,'200SX', 15);
INSERT INTO public.ref_model_voiture (id, libelle, marque_id) VALUES (417,'Z concept', 15);
INSERT INTO public.ref_model_voiture (id, libelle, marque_id) VALUES (418,'280 ZX', 15);
INSERT INTO public.ref_model_voiture (id, libelle, marque_id) VALUES (419,'300 ZX', 15);
INSERT INTO public.ref_model_voiture (id, libelle, marque_id) VALUES (420,'350Z', 15);
INSERT INTO public.ref_model_voiture (id, libelle, marque_id) VALUES (421,'370Z', 15);
INSERT INTO public.ref_model_voiture (id, libelle, marque_id) VALUES (422,'Almera', 15);
INSERT INTO public.ref_model_voiture (id, libelle, marque_id) VALUES (423,'Bluebird', 15);
INSERT INTO public.ref_model_voiture (id, libelle, marque_id) VALUES (424,'Cabstar', 15);
INSERT INTO public.ref_model_voiture (id, libelle, marque_id) VALUES (425,'Cedric', 15);
INSERT INTO public.ref_model_voiture (id, libelle, marque_id) VALUES (426,'Cherry', 15);
INSERT INTO public.ref_model_voiture (id, libelle, marque_id) VALUES (427,'Cube', 15);
INSERT INTO public.ref_model_voiture (id, libelle, marque_id) VALUES (428,'DATSUN', 15);
INSERT INTO public.ref_model_voiture (id, libelle, marque_id) VALUES (429,'NV200', 15);
INSERT INTO public.ref_model_voiture (id, libelle, marque_id) VALUES (430,'Juke', 15);
INSERT INTO public.ref_model_voiture (id, libelle, marque_id) VALUES (431,'King Cab', 15);
INSERT INTO public.ref_model_voiture (id, libelle, marque_id) VALUES (432,'Kubistar', 15);
INSERT INTO public.ref_model_voiture (id, libelle, marque_id) VALUES (433,'Laurel', 15);
INSERT INTO public.ref_model_voiture (id, libelle, marque_id) VALUES (434,'Leaf', 15);
INSERT INTO public.ref_model_voiture (id, libelle, marque_id) VALUES (435,'Maxima', 15);
INSERT INTO public.ref_model_voiture (id, libelle, marque_id) VALUES (436,'Micra', 15);
INSERT INTO public.ref_model_voiture (id, libelle, marque_id) VALUES (437,'Murano', 15);
INSERT INTO public.ref_model_voiture (id, libelle, marque_id) VALUES (438,'Navara', 15);
INSERT INTO public.ref_model_voiture (id, libelle, marque_id) VALUES (439,'Note', 15);
INSERT INTO public.ref_model_voiture (id, libelle, marque_id) VALUES (440,'NP300', 15);
INSERT INTO public.ref_model_voiture (id, libelle, marque_id) VALUES (441,'NV400', 15);
INSERT INTO public.ref_model_voiture (id, libelle, marque_id) VALUES (442,'Pathfinder', 15);
INSERT INTO public.ref_model_voiture (id, libelle, marque_id) VALUES (443,'Patrol', 15);
INSERT INTO public.ref_model_voiture (id, libelle, marque_id) VALUES (444,'Pick-up', 15);
INSERT INTO public.ref_model_voiture (id, libelle, marque_id) VALUES (445,'Pixo', 15);
INSERT INTO public.ref_model_voiture (id, libelle, marque_id) VALUES (446,'Prairie', 15);
INSERT INTO public.ref_model_voiture (id, libelle, marque_id) VALUES (447,'Primastar', 15);
INSERT INTO public.ref_model_voiture (id, libelle, marque_id) VALUES (448,'Primera', 15);
INSERT INTO public.ref_model_voiture (id, libelle, marque_id) VALUES (449,'Pulsar', 15);
INSERT INTO public.ref_model_voiture (id, libelle, marque_id) VALUES (450,'Qashqai', 15);
INSERT INTO public.ref_model_voiture (id, libelle, marque_id) VALUES (451,'Serena', 15);
INSERT INTO public.ref_model_voiture (id, libelle, marque_id) VALUES (452,'Silvia', 15);
INSERT INTO public.ref_model_voiture (id, libelle, marque_id) VALUES (453,'Stanza', 15);
INSERT INTO public.ref_model_voiture (id, libelle, marque_id) VALUES (454,'Sunny', 15);
INSERT INTO public.ref_model_voiture (id, libelle, marque_id) VALUES (455,'Terrano', 15);
INSERT INTO public.ref_model_voiture (id, libelle, marque_id) VALUES (456,'Tiida', 15);
INSERT INTO public.ref_model_voiture (id, libelle, marque_id) VALUES (457,'Trade', 15);
INSERT INTO public.ref_model_voiture (id, libelle, marque_id) VALUES (458,'Urvan', 15);
INSERT INTO public.ref_model_voiture (id, libelle, marque_id) VALUES (459,'Vanette', 15);
INSERT INTO public.ref_model_voiture (id, libelle, marque_id) VALUES (460,'Violet', 15);
INSERT INTO public.ref_model_voiture (id, libelle, marque_id) VALUES (461,'X-Trail', 15);
INSERT INTO public.ref_model_voiture (id, libelle, marque_id) VALUES (462,'Adam', 16);
INSERT INTO public.ref_model_voiture (id, libelle, marque_id) VALUES (463,'ADMIRAL', 16);
INSERT INTO public.ref_model_voiture (id, libelle, marque_id) VALUES (464,'Agila', 16);
INSERT INTO public.ref_model_voiture (id, libelle, marque_id) VALUES (465,'Ampera', 16);
INSERT INTO public.ref_model_voiture (id, libelle, marque_id) VALUES (466,'Antara', 16);
INSERT INTO public.ref_model_voiture (id, libelle, marque_id) VALUES (467,'Arena', 16);
INSERT INTO public.ref_model_voiture (id, libelle, marque_id) VALUES (468,'Ascona', 16);
INSERT INTO public.ref_model_voiture (id, libelle, marque_id) VALUES (469,'Astra', 16);
INSERT INTO public.ref_model_voiture (id, libelle, marque_id) VALUES (470,'Calibra', 16);
INSERT INTO public.ref_model_voiture (id, libelle, marque_id) VALUES (471,'Campo', 16);
INSERT INTO public.ref_model_voiture (id, libelle, marque_id) VALUES (472,'Cascada', 16);
INSERT INTO public.ref_model_voiture (id, libelle, marque_id) VALUES (473,'Combo', 16);
INSERT INTO public.ref_model_voiture (id, libelle, marque_id) VALUES (474,'Commodore', 16);
INSERT INTO public.ref_model_voiture (id, libelle, marque_id) VALUES (475,'Corsa', 16);
INSERT INTO public.ref_model_voiture (id, libelle, marque_id) VALUES (476,'DIPLOMAT', 16);
INSERT INTO public.ref_model_voiture (id, libelle, marque_id) VALUES (477,'Frontera', 16);
INSERT INTO public.ref_model_voiture (id, libelle, marque_id) VALUES (478,'GT', 16);
INSERT INTO public.ref_model_voiture (id, libelle, marque_id) VALUES (479,'Insignia', 16);
INSERT INTO public.ref_model_voiture (id, libelle, marque_id) VALUES (480,'Kadett', 16);
INSERT INTO public.ref_model_voiture (id, libelle, marque_id) VALUES (481,'KAPITAN', 16);
INSERT INTO public.ref_model_voiture (id, libelle, marque_id) VALUES (482,'Karl', 16);
INSERT INTO public.ref_model_voiture (id, libelle, marque_id) VALUES (483,'Manta', 16);
INSERT INTO public.ref_model_voiture (id, libelle, marque_id) VALUES (484,'Meriva', 16);
INSERT INTO public.ref_model_voiture (id, libelle, marque_id) VALUES (485,'Mokka', 16);
INSERT INTO public.ref_model_voiture (id, libelle, marque_id) VALUES (486,'Monterey', 16);
INSERT INTO public.ref_model_voiture (id, libelle, marque_id) VALUES (487,'Monza', 16);
INSERT INTO public.ref_model_voiture (id, libelle, marque_id) VALUES (488,'Movano', 16);
INSERT INTO public.ref_model_voiture (id, libelle, marque_id) VALUES (489,'OLYMPIA', 16);
INSERT INTO public.ref_model_voiture (id, libelle, marque_id) VALUES (490,'Omega', 16);
INSERT INTO public.ref_model_voiture (id, libelle, marque_id) VALUES (491,'Rekord', 16);
INSERT INTO public.ref_model_voiture (id, libelle, marque_id) VALUES (492,'Senator', 16);
INSERT INTO public.ref_model_voiture (id, libelle, marque_id) VALUES (493,'Signum', 16);
INSERT INTO public.ref_model_voiture (id, libelle, marque_id) VALUES (494,'Sintra', 16);
INSERT INTO public.ref_model_voiture (id, libelle, marque_id) VALUES (495,'Speedster', 16);
INSERT INTO public.ref_model_voiture (id, libelle, marque_id) VALUES (496,'Tigra', 16);
INSERT INTO public.ref_model_voiture (id, libelle, marque_id) VALUES (497,'Vectra', 16);
INSERT INTO public.ref_model_voiture (id, libelle, marque_id) VALUES (498,'Vivaro', 16);
INSERT INTO public.ref_model_voiture (id, libelle, marque_id) VALUES (499,'Zafira', 16);
INSERT INTO public.ref_model_voiture (id, libelle, marque_id) VALUES (500,'Traveller', 17);
INSERT INTO public.ref_model_voiture (id, libelle, marque_id) VALUES (501,'104', 17);
INSERT INTO public.ref_model_voiture (id, libelle, marque_id) VALUES (502,'106', 17);
INSERT INTO public.ref_model_voiture (id, libelle, marque_id) VALUES (503,'107', 17);
INSERT INTO public.ref_model_voiture (id, libelle, marque_id) VALUES (504,'108', 17);
INSERT INTO public.ref_model_voiture (id, libelle, marque_id) VALUES (505,'204', 17);
INSERT INTO public.ref_model_voiture (id, libelle, marque_id) VALUES (506,'205', 17);
INSERT INTO public.ref_model_voiture (id, libelle, marque_id) VALUES (507,'206', 17);
INSERT INTO public.ref_model_voiture (id, libelle, marque_id) VALUES (508,'207', 17);
INSERT INTO public.ref_model_voiture (id, libelle, marque_id) VALUES (509,'208', 17);
INSERT INTO public.ref_model_voiture (id, libelle, marque_id) VALUES (510,'301', 17);
INSERT INTO public.ref_model_voiture (id, libelle, marque_id) VALUES (511,'304', 17);
INSERT INTO public.ref_model_voiture (id, libelle, marque_id) VALUES (512,'305', 17);
INSERT INTO public.ref_model_voiture (id, libelle, marque_id) VALUES (513,'306', 17);
INSERT INTO public.ref_model_voiture (id, libelle, marque_id) VALUES (514,'307', 17);
INSERT INTO public.ref_model_voiture (id, libelle, marque_id) VALUES (515,'308', 17);
INSERT INTO public.ref_model_voiture (id, libelle, marque_id) VALUES (516,'309', 17);
INSERT INTO public.ref_model_voiture (id, libelle, marque_id) VALUES (517,'404', 17);
INSERT INTO public.ref_model_voiture (id, libelle, marque_id) VALUES (518,'405', 17);
INSERT INTO public.ref_model_voiture (id, libelle, marque_id) VALUES (519,'406', 17);
INSERT INTO public.ref_model_voiture (id, libelle, marque_id) VALUES (520,'407', 17);
INSERT INTO public.ref_model_voiture (id, libelle, marque_id) VALUES (521,'504', 17);
INSERT INTO public.ref_model_voiture (id, libelle, marque_id) VALUES (522,'505', 17);
INSERT INTO public.ref_model_voiture (id, libelle, marque_id) VALUES (523,'508', 17);
INSERT INTO public.ref_model_voiture (id, libelle, marque_id) VALUES (524,'604', 17);
INSERT INTO public.ref_model_voiture (id, libelle, marque_id) VALUES (525,'605', 17);
INSERT INTO public.ref_model_voiture (id, libelle, marque_id) VALUES (526,'607', 17);
INSERT INTO public.ref_model_voiture (id, libelle, marque_id) VALUES (527,'806', 17);
INSERT INTO public.ref_model_voiture (id, libelle, marque_id) VALUES (528,'807', 17);
INSERT INTO public.ref_model_voiture (id, libelle, marque_id) VALUES (529,'1007', 17);
INSERT INTO public.ref_model_voiture (id, libelle, marque_id) VALUES (530,'2008', 17);
INSERT INTO public.ref_model_voiture (id, libelle, marque_id) VALUES (531,'3008', 17);
INSERT INTO public.ref_model_voiture (id, libelle, marque_id) VALUES (532,'4007', 17);
INSERT INTO public.ref_model_voiture (id, libelle, marque_id) VALUES (533,'4008', 17);
INSERT INTO public.ref_model_voiture (id, libelle, marque_id) VALUES (534,'5008', 17);
INSERT INTO public.ref_model_voiture (id, libelle, marque_id) VALUES (535,'Bipper', 17);
INSERT INTO public.ref_model_voiture (id, libelle, marque_id) VALUES (536,'Boxer', 17);
INSERT INTO public.ref_model_voiture (id, libelle, marque_id) VALUES (537,'Expert', 17);
INSERT INTO public.ref_model_voiture (id, libelle, marque_id) VALUES (538,'ION', 17);
INSERT INTO public.ref_model_voiture (id, libelle, marque_id) VALUES (539,'J5', 17);
INSERT INTO public.ref_model_voiture (id, libelle, marque_id) VALUES (540,'J7', 17);
INSERT INTO public.ref_model_voiture (id, libelle, marque_id) VALUES (541,'J9', 17);
INSERT INTO public.ref_model_voiture (id, libelle, marque_id) VALUES (542,'Partner', 17);
INSERT INTO public.ref_model_voiture (id, libelle, marque_id) VALUES (543,'Ranch', 17);
INSERT INTO public.ref_model_voiture (id, libelle, marque_id) VALUES (544,'RCZ', 17);
INSERT INTO public.ref_model_voiture (id, libelle, marque_id) VALUES (545,'Alpine', 18);
INSERT INTO public.ref_model_voiture (id, libelle, marque_id) VALUES (546,'Avantime', 18);
INSERT INTO public.ref_model_voiture (id, libelle, marque_id) VALUES (547,'Captur', 18);
INSERT INTO public.ref_model_voiture (id, libelle, marque_id) VALUES (548,'Clio', 18);
INSERT INTO public.ref_model_voiture (id, libelle, marque_id) VALUES (549,'Clio I', 18);
INSERT INTO public.ref_model_voiture (id, libelle, marque_id) VALUES (550,'Clio II', 18);
INSERT INTO public.ref_model_voiture (id, libelle, marque_id) VALUES (551,'Symbol', 18);
INSERT INTO public.ref_model_voiture (id, libelle, marque_id) VALUES (552,'Clio III', 18);
INSERT INTO public.ref_model_voiture (id, libelle, marque_id) VALUES (553,'Clio IV', 18);
INSERT INTO public.ref_model_voiture (id, libelle, marque_id) VALUES (554,'Duster', 18);
INSERT INTO public.ref_model_voiture (id, libelle, marque_id) VALUES (555,'Espace I', 18);
INSERT INTO public.ref_model_voiture (id, libelle, marque_id) VALUES (556,'Espace II', 18);
INSERT INTO public.ref_model_voiture (id, libelle, marque_id) VALUES (557,'Espace III', 18);
INSERT INTO public.ref_model_voiture (id, libelle, marque_id) VALUES (558,'Espace IV', 18);
INSERT INTO public.ref_model_voiture (id, libelle, marque_id) VALUES (559,'Espace V', 18);
INSERT INTO public.ref_model_voiture (id, libelle, marque_id) VALUES (560,'Grand Espace IV', 18);
INSERT INTO public.ref_model_voiture (id, libelle, marque_id) VALUES (561,'Grand Espace III', 18);
INSERT INTO public.ref_model_voiture (id, libelle, marque_id) VALUES (562,'Estafette', 18);
INSERT INTO public.ref_model_voiture (id, libelle, marque_id) VALUES (563,'Express I', 18);
INSERT INTO public.ref_model_voiture (id, libelle, marque_id) VALUES (564,'Express II', 18);
INSERT INTO public.ref_model_voiture (id, libelle, marque_id) VALUES (565,'Extra', 18);
INSERT INTO public.ref_model_voiture (id, libelle, marque_id) VALUES (566,'Extra II', 18);
INSERT INTO public.ref_model_voiture (id, libelle, marque_id) VALUES (567,'Fluence', 18);
INSERT INTO public.ref_model_voiture (id, libelle, marque_id) VALUES (568,'Jeep', 18);
INSERT INTO public.ref_model_voiture (id, libelle, marque_id) VALUES (569,'Cherokee', 18);
INSERT INTO public.ref_model_voiture (id, libelle, marque_id) VALUES (570,'Fuego', 18);
INSERT INTO public.ref_model_voiture (id, libelle, marque_id) VALUES (571,'Kadjar', 18);
INSERT INTO public.ref_model_voiture (id, libelle, marque_id) VALUES (572,'Kangoo', 18);
INSERT INTO public.ref_model_voiture (id, libelle, marque_id) VALUES (573,'Koleos', 18);
INSERT INTO public.ref_model_voiture (id, libelle, marque_id) VALUES (574,'Laguna I', 18);
INSERT INTO public.ref_model_voiture (id, libelle, marque_id) VALUES (575,'Laguna II', 18);
INSERT INTO public.ref_model_voiture (id, libelle, marque_id) VALUES (576,'Laguna III', 18);
INSERT INTO public.ref_model_voiture (id, libelle, marque_id) VALUES (577,'Laguna Nevada', 18);
INSERT INTO public.ref_model_voiture (id, libelle, marque_id) VALUES (578,'Latitude', 18);
INSERT INTO public.ref_model_voiture (id, libelle, marque_id) VALUES (579,'Lutecia', 18);
INSERT INTO public.ref_model_voiture (id, libelle, marque_id) VALUES (580,'Master', 18);
INSERT INTO public.ref_model_voiture (id, libelle, marque_id) VALUES (581,'Megane I', 18);
INSERT INTO public.ref_model_voiture (id, libelle, marque_id) VALUES (582,'Megane II', 18);
INSERT INTO public.ref_model_voiture (id, libelle, marque_id) VALUES (583,'Megane III', 18);
INSERT INTO public.ref_model_voiture (id, libelle, marque_id) VALUES (584,'Megane IV', 18);
INSERT INTO public.ref_model_voiture (id, libelle, marque_id) VALUES (585,'Scenic', 18);
INSERT INTO public.ref_model_voiture (id, libelle, marque_id) VALUES (586,'Grand Scenic III', 18);
INSERT INTO public.ref_model_voiture (id, libelle, marque_id) VALUES (587,'Grand Scenic II', 18);
INSERT INTO public.ref_model_voiture (id, libelle, marque_id) VALUES (588,'Scenic II', 18);
INSERT INTO public.ref_model_voiture (id, libelle, marque_id) VALUES (589,'Scenic III', 18);
INSERT INTO public.ref_model_voiture (id, libelle, marque_id) VALUES (590,'Modus', 18);
INSERT INTO public.ref_model_voiture (id, libelle, marque_id) VALUES (591,'Grand Modus (01/2008 - 12/2012)', 18);
INSERT INTO public.ref_model_voiture (id, libelle, marque_id) VALUES (592,'Modus (09/2004 - 12/2007)', 18);
INSERT INTO public.ref_model_voiture (id, libelle, marque_id) VALUES (593,'Modus Phase 2 (01/2008 - 12/2012)', 18);
INSERT INTO public.ref_model_voiture (id, libelle, marque_id) VALUES (594,'R4', 18);
INSERT INTO public.ref_model_voiture (id, libelle, marque_id) VALUES (595,'R5', 18);
INSERT INTO public.ref_model_voiture (id, libelle, marque_id) VALUES (596,'R6', 18);
INSERT INTO public.ref_model_voiture (id, libelle, marque_id) VALUES (597,'R8', 18);
INSERT INTO public.ref_model_voiture (id, libelle, marque_id) VALUES (598,'R9', 18);
INSERT INTO public.ref_model_voiture (id, libelle, marque_id) VALUES (599,'R10', 18);
INSERT INTO public.ref_model_voiture (id, libelle, marque_id) VALUES (600,'R11', 18);
INSERT INTO public.ref_model_voiture (id, libelle, marque_id) VALUES (601,'R12', 18);
INSERT INTO public.ref_model_voiture (id, libelle, marque_id) VALUES (602,'R14', 18);
INSERT INTO public.ref_model_voiture (id, libelle, marque_id) VALUES (603,'R15', 18);
INSERT INTO public.ref_model_voiture (id, libelle, marque_id) VALUES (604,'R16', 18);
INSERT INTO public.ref_model_voiture (id, libelle, marque_id) VALUES (605,'R17', 18);
INSERT INTO public.ref_model_voiture (id, libelle, marque_id) VALUES (606,'R18', 18);
INSERT INTO public.ref_model_voiture (id, libelle, marque_id) VALUES (607,'R19', 18);
INSERT INTO public.ref_model_voiture (id, libelle, marque_id) VALUES (608,'R20', 18);
INSERT INTO public.ref_model_voiture (id, libelle, marque_id) VALUES (609,'R21', 18);
INSERT INTO public.ref_model_voiture (id, libelle, marque_id) VALUES (610,'R25', 18);
INSERT INTO public.ref_model_voiture (id, libelle, marque_id) VALUES (611,'R30', 18);
INSERT INTO public.ref_model_voiture (id, libelle, marque_id) VALUES (612,'Rapid', 18);
INSERT INTO public.ref_model_voiture (id, libelle, marque_id) VALUES (613,'Rodeo', 18);
INSERT INTO public.ref_model_voiture (id, libelle, marque_id) VALUES (614,'Safrane', 18);
INSERT INTO public.ref_model_voiture (id, libelle, marque_id) VALUES (615,'Spider', 18);
INSERT INTO public.ref_model_voiture (id, libelle, marque_id) VALUES (616,'Super 5', 18);
INSERT INTO public.ref_model_voiture (id, libelle, marque_id) VALUES (617,'Talisman', 18);
INSERT INTO public.ref_model_voiture (id, libelle, marque_id) VALUES (618,'Thalia', 18);
INSERT INTO public.ref_model_voiture (id, libelle, marque_id) VALUES (619,'Trafic', 18);
INSERT INTO public.ref_model_voiture (id, libelle, marque_id) VALUES (620,'Twingo', 18);
INSERT INTO public.ref_model_voiture (id, libelle, marque_id) VALUES (621,'Twizy', 18);
INSERT INTO public.ref_model_voiture (id, libelle, marque_id) VALUES (622,'Vel Satis', 18);
INSERT INTO public.ref_model_voiture (id, libelle, marque_id) VALUES (623,'Wind', 18);
INSERT INTO public.ref_model_voiture (id, libelle, marque_id) VALUES (624,'Zoe', 18);
INSERT INTO public.ref_model_voiture (id, libelle, marque_id) VALUES (625,'124', 19);
INSERT INTO public.ref_model_voiture (id, libelle, marque_id) VALUES (626,'127', 19);
INSERT INTO public.ref_model_voiture (id, libelle, marque_id) VALUES (627,'128', 19);
INSERT INTO public.ref_model_voiture (id, libelle, marque_id) VALUES (628,'131', 19);
INSERT INTO public.ref_model_voiture (id, libelle, marque_id) VALUES (629,'132', 19);
INSERT INTO public.ref_model_voiture (id, libelle, marque_id) VALUES (630,'133', 19);
INSERT INTO public.ref_model_voiture (id, libelle, marque_id) VALUES (631,'600', 19);
INSERT INTO public.ref_model_voiture (id, libelle, marque_id) VALUES (632,'850', 19);
INSERT INTO public.ref_model_voiture (id, libelle, marque_id) VALUES (633,'Alhambra', 19);
INSERT INTO public.ref_model_voiture (id, libelle, marque_id) VALUES (634,'Altea', 19);
INSERT INTO public.ref_model_voiture (id, libelle, marque_id) VALUES (635,'Arosa', 19);
INSERT INTO public.ref_model_voiture (id, libelle, marque_id) VALUES (636,'Cordoba', 19);
INSERT INTO public.ref_model_voiture (id, libelle, marque_id) VALUES (637,'Exeo', 19);
INSERT INTO public.ref_model_voiture (id, libelle, marque_id) VALUES (638,'Fura', 19);
INSERT INTO public.ref_model_voiture (id, libelle, marque_id) VALUES (639,'Ibiza', 19);
INSERT INTO public.ref_model_voiture (id, libelle, marque_id) VALUES (640,'Inca', 19);
INSERT INTO public.ref_model_voiture (id, libelle, marque_id) VALUES (641,'Leon', 19);
INSERT INTO public.ref_model_voiture (id, libelle, marque_id) VALUES (642,'Malaga', 19);
INSERT INTO public.ref_model_voiture (id, libelle, marque_id) VALUES (643,'Marbella', 19);
INSERT INTO public.ref_model_voiture (id, libelle, marque_id) VALUES (644,'Mii', 19);
INSERT INTO public.ref_model_voiture (id, libelle, marque_id) VALUES (645,'Ronda', 19);
INSERT INTO public.ref_model_voiture (id, libelle, marque_id) VALUES (646,'Terra', 19);
INSERT INTO public.ref_model_voiture (id, libelle, marque_id) VALUES (647,'Toledo', 19);
INSERT INTO public.ref_model_voiture (id, libelle, marque_id) VALUES (648,'Fabia', 20);
INSERT INTO public.ref_model_voiture (id, libelle, marque_id) VALUES (649,'Octavia', 20);
INSERT INTO public.ref_model_voiture (id, libelle, marque_id) VALUES (650,'Citigo', 20);
INSERT INTO public.ref_model_voiture (id, libelle, marque_id) VALUES (651,'KYRON', 21);
INSERT INTO public.ref_model_voiture (id, libelle, marque_id) VALUES (652,'Auris', 22);
INSERT INTO public.ref_model_voiture (id, libelle, marque_id) VALUES (653,'Avensis', 22);
INSERT INTO public.ref_model_voiture (id, libelle, marque_id) VALUES (654,'Aygo', 22);
INSERT INTO public.ref_model_voiture (id, libelle, marque_id) VALUES (655,'Camry', 22);
INSERT INTO public.ref_model_voiture (id, libelle, marque_id) VALUES (656,'Carina', 22);
INSERT INTO public.ref_model_voiture (id, libelle, marque_id) VALUES (657,'Celica', 22);
INSERT INTO public.ref_model_voiture (id, libelle, marque_id) VALUES (658,'Corolla', 22);
INSERT INTO public.ref_model_voiture (id, libelle, marque_id) VALUES (659,'Corona', 22);
INSERT INTO public.ref_model_voiture (id, libelle, marque_id) VALUES (660,'Cressida', 22);
INSERT INTO public.ref_model_voiture (id, libelle, marque_id) VALUES (661,'Crown', 22);
INSERT INTO public.ref_model_voiture (id, libelle, marque_id) VALUES (662,'Dyna', 22);
INSERT INTO public.ref_model_voiture (id, libelle, marque_id) VALUES (663,'Hilux', 22);
INSERT INTO public.ref_model_voiture (id, libelle, marque_id) VALUES (664,'Land Cruiser', 22);
INSERT INTO public.ref_model_voiture (id, libelle, marque_id) VALUES (665,'Prius', 22);
INSERT INTO public.ref_model_voiture (id, libelle, marque_id) VALUES (666,'RAV4', 22);
INSERT INTO public.ref_model_voiture (id, libelle, marque_id) VALUES (667,'Starlet', 22);
INSERT INTO public.ref_model_voiture (id, libelle, marque_id) VALUES (668,'Supra', 22);
INSERT INTO public.ref_model_voiture (id, libelle, marque_id) VALUES (669,'Tercel', 22);
INSERT INTO public.ref_model_voiture (id, libelle, marque_id) VALUES (670,'Urban Cruiser', 22);
INSERT INTO public.ref_model_voiture (id, libelle, marque_id) VALUES (671,'Verso', 22);
INSERT INTO public.ref_model_voiture (id, libelle, marque_id) VALUES (672,'Yaris', 22);
INSERT INTO public.ref_model_voiture (id, libelle, marque_id) VALUES (673,'4-Runner', 22);
INSERT INTO public.ref_model_voiture (id, libelle, marque_id) VALUES (674,'Amarok', 23);
INSERT INTO public.ref_model_voiture (id, libelle, marque_id) VALUES (675,'Bora', 23);
INSERT INTO public.ref_model_voiture (id, libelle, marque_id) VALUES (676,'Caddy', 23);
INSERT INTO public.ref_model_voiture (id, libelle, marque_id) VALUES (677,'Coccinelle/Beetle', 23);
INSERT INTO public.ref_model_voiture (id, libelle, marque_id) VALUES (678,'Corrado', 23);
INSERT INTO public.ref_model_voiture (id, libelle, marque_id) VALUES (679,'Crafter', 23);
INSERT INTO public.ref_model_voiture (id, libelle, marque_id) VALUES (680,'Derby', 23);
INSERT INTO public.ref_model_voiture (id, libelle, marque_id) VALUES (681,'Eos', 23);
INSERT INTO public.ref_model_voiture (id, libelle, marque_id) VALUES (682,'Fox', 23);
INSERT INTO public.ref_model_voiture (id, libelle, marque_id) VALUES (683,'Golf I', 23);
INSERT INTO public.ref_model_voiture (id, libelle, marque_id) VALUES (684,'Golf II', 23);
INSERT INTO public.ref_model_voiture (id, libelle, marque_id) VALUES (685,'Golf III', 23);
INSERT INTO public.ref_model_voiture (id, libelle, marque_id) VALUES (686,'Golf IV', 23);
INSERT INTO public.ref_model_voiture (id, libelle, marque_id) VALUES (687,'Golf V', 23);
INSERT INTO public.ref_model_voiture (id, libelle, marque_id) VALUES (688,'Golf VI', 23);
INSERT INTO public.ref_model_voiture (id, libelle, marque_id) VALUES (689,'Golf VII', 23);
INSERT INTO public.ref_model_voiture (id, libelle, marque_id) VALUES (690,'Jetta', 23);
INSERT INTO public.ref_model_voiture (id, libelle, marque_id) VALUES (691,'K70', 23);
INSERT INTO public.ref_model_voiture (id, libelle, marque_id) VALUES (692,'KARMANN', 23);
INSERT INTO public.ref_model_voiture (id, libelle, marque_id) VALUES (693,'LT', 23);
INSERT INTO public.ref_model_voiture (id, libelle, marque_id) VALUES (694,'Lupo', 23);
INSERT INTO public.ref_model_voiture (id, libelle, marque_id) VALUES (695,'New Beetle', 23);
INSERT INTO public.ref_model_voiture (id, libelle, marque_id) VALUES (696,'PARATI', 23);
INSERT INTO public.ref_model_voiture (id, libelle, marque_id) VALUES (697,'Passat', 23);
INSERT INTO public.ref_model_voiture (id, libelle, marque_id) VALUES (698,'Passat CC', 23);
INSERT INTO public.ref_model_voiture (id, libelle, marque_id) VALUES (699,'Phaeton', 23);
INSERT INTO public.ref_model_voiture (id, libelle, marque_id) VALUES (700,'POLO Camionette', 23);
INSERT INTO public.ref_model_voiture (id, libelle, marque_id) VALUES (701,'Polo I', 23);
INSERT INTO public.ref_model_voiture (id, libelle, marque_id) VALUES (702,'Polo II', 23);
INSERT INTO public.ref_model_voiture (id, libelle, marque_id) VALUES (703,'Polo III', 23);
INSERT INTO public.ref_model_voiture (id, libelle, marque_id) VALUES (704,'Polo IV', 23);
INSERT INTO public.ref_model_voiture (id, libelle, marque_id) VALUES (705,'Polo V', 23);
INSERT INTO public.ref_model_voiture (id, libelle, marque_id) VALUES (706,'Santana', 23);
INSERT INTO public.ref_model_voiture (id, libelle, marque_id) VALUES (707,'SAVEIRO', 23);
INSERT INTO public.ref_model_voiture (id, libelle, marque_id) VALUES (708,'Scirocco', 23);
INSERT INTO public.ref_model_voiture (id, libelle, marque_id) VALUES (709,'Sharan', 23);
INSERT INTO public.ref_model_voiture (id, libelle, marque_id) VALUES (710,'Taro', 23);
INSERT INTO public.ref_model_voiture (id, libelle, marque_id) VALUES (711,'Tiguan', 23);
INSERT INTO public.ref_model_voiture (id, libelle, marque_id) VALUES (712,'Touareg', 23);
INSERT INTO public.ref_model_voiture (id, libelle, marque_id) VALUES (713,'Touran', 23);
INSERT INTO public.ref_model_voiture (id, libelle, marque_id) VALUES (714,'Transporter', 23);
INSERT INTO public.ref_model_voiture (id, libelle, marque_id) VALUES (715,'UP', 23);
INSERT INTO public.ref_model_voiture (id, libelle, marque_id) VALUES (716,'Vento', 23);

/* Energie de Vehivules */
INSERT INTO public.ref_energie(id, libelle) VALUES (1, 'Essence');
INSERT INTO public.ref_energie(id, libelle) VALUES (2, 'Gazole');
INSERT INTO public.ref_energie(id, libelle) VALUES (3, 'Gaz Naturel');
INSERT INTO public.ref_energie(id, libelle) VALUES (4, 'Electrique');
INSERT INTO public.ref_energie(id, libelle) VALUES (5, 'Hybride');

/* Fractionnement des contrats d'assurance */
INSERT INTO public.ref_fractionnement(id, code, libelle) VALUES (1, 1, 'Journalier');
INSERT INTO public.ref_fractionnement(id, code, libelle) VALUES (2, 2, 'Mensuel');
INSERT INTO public.ref_fractionnement(id, code, libelle) VALUES (3, 3, 'Trimestriel');
INSERT INTO public.ref_fractionnement(id, code, libelle) VALUES (4, 4, 'Semestriel');
INSERT INTO public.ref_fractionnement(id, code, libelle) VALUES (5, 5, 'Annuel');
INSERT INTO public.ref_fractionnement(id, code, libelle) VALUES (6, 6, 'Aucun');

/* Modes de Gestion */
INSERT INTO public.ref_mode_gestion(id, libelle, description) VALUES (1, 'IDA', 'Indeminisation Directe Assure');
INSERT INTO public.ref_mode_gestion(id, libelle, description) VALUES (2, 'HIDA', 'Hors IDA');
INSERT INTO public.ref_mode_gestion(id, libelle, description) VALUES (3, 'Dommages', 'Dommages');
INSERT INTO public.ref_mode_gestion(id, libelle, description) VALUES (4, 'Connexe', 'Connexe');

/* Listes de garanties contractuelles */
INSERT INTO public.ref_garantie_contractuelle(id, code, libelle, is_active, ref_mode_gestion_id) VALUES (1, 1, 'Incendie Partiel', TRUE, 3);
INSERT INTO public.ref_garantie_contractuelle(id, code, libelle, is_active, ref_mode_gestion_id) VALUES (2, 2, 'Incendie Total', TRUE, 3);
INSERT INTO public.ref_garantie_contractuelle(id, code, libelle, is_active, ref_mode_gestion_id) VALUES (3, 3, 'Vol', TRUE, 3);
INSERT INTO public.ref_garantie_contractuelle(id, code, libelle, is_active, ref_mode_gestion_id) VALUES (4, 4, 'Bris de Glace', TRUE, 3);
INSERT INTO public.ref_garantie_contractuelle(id, code, libelle, is_active, ref_mode_gestion_id) VALUES (5, 5, 'Dommage Partiel', TRUE, 3);
INSERT INTO public.ref_garantie_contractuelle(id, code, libelle, is_active, ref_mode_gestion_id) VALUES (6, 6, 'Dommage Total', TRUE, 3);
INSERT INTO public.ref_garantie_contractuelle(id, code, libelle, is_active, ref_mode_gestion_id) VALUES (7, 7, 'Dommages Collisions', TRUE, 3);
INSERT INTO public.ref_garantie_contractuelle(id, code, libelle, is_active, ref_mode_gestion_id) VALUES (8, 8, 'Dommages Vehicule', TRUE, 3);
INSERT INTO public.ref_garantie_contractuelle(id, code, libelle, is_active, ref_mode_gestion_id) VALUES (9, 9, 'Vol Partiel', TRUE, 3);
INSERT INTO public.ref_garantie_contractuelle(id, code, libelle, is_active, ref_mode_gestion_id) VALUES (10, 10, 'Responsabilite Civile', TRUE, 3);
INSERT INTO public.ref_garantie_contractuelle(id, code, libelle, is_active, ref_mode_gestion_id) VALUES (11, 11, 'Defense et Recours', TRUE, 1);
INSERT INTO public.ref_garantie_contractuelle(id, code, libelle, is_active, ref_mode_gestion_id) VALUES (12, 12, 'Defense et Recours', TRUE, 2);
INSERT INTO public.ref_garantie_contractuelle(id, code, libelle, is_active, ref_mode_gestion_id) VALUES (13, 13, 'Defense et Recours', TRUE, 3);
INSERT INTO public.ref_garantie_contractuelle(id, code, libelle, is_active) VALUES (20, 20, 'Assistance', TRUE);

--
-- TOC entry 3208 (class 0 OID 356974)
-- Dependencies: 261
-- Data for Name: sys_action_utilisateur; Type: TABLE DATA; Schema: public; Owner: postgres
--

INSERT INTO sys_action_utilisateur (id, nom) VALUES (200, 'Update Dossier');
INSERT INTO sys_action_utilisateur (id, nom) VALUES (201, 'Creer Dossier');
INSERT INTO sys_action_utilisateur (id, nom) VALUES (202, 'Annuler Dossier');
INSERT INTO sys_action_utilisateur (id, nom) VALUES (203, 'Rouvrir Dossier');
INSERT INTO sys_action_utilisateur (id, nom) VALUES (204, 'Supprimer Dossier');
INSERT INTO sys_action_utilisateur (id, nom) VALUES (205, 'Update Prestation');
INSERT INTO sys_action_utilisateur (id, nom) VALUES (206, 'Annuler Prestation');
INSERT INTO sys_action_utilisateur (id, nom) VALUES (207, 'Rouvrir Prestation');
INSERT INTO sys_action_utilisateur (id, nom) VALUES (208, 'Supprimer Prestation');
INSERT INTO sys_action_utilisateur (id, nom) VALUES (101, 'Creer Dossier PEC');
INSERT INTO sys_action_utilisateur (id, nom) VALUES (102, 'Annuler Dossier PEC');
INSERT INTO sys_action_utilisateur (id, nom) VALUES (103, 'Rouvrir Dossier PEC');
INSERT INTO sys_action_utilisateur (id, nom) VALUES (104, 'Supprimer Dossier PEC');
INSERT INTO sys_action_utilisateur (id, nom) VALUES (209, 'Login');
INSERT INTO sys_action_utilisateur (id, nom) VALUES (2010, 'Logout');
INSERT INTO sys_action_utilisateur (id, nom) VALUES (2011, 'Register');
INSERT INTO sys_action_utilisateur (id, nom) VALUES (2012, 'Activate');
INSERT INTO sys_action_utilisateur (id, nom) VALUES (2013, 'ChangePWD');
INSERT INTO sys_action_utilisateur (id, nom) VALUES (2014, 'ResetPWD');


/* Liste des motifs */
INSERT INTO public.ref_motif(id, libelle) VALUES (1, 'Hors Garantie');
INSERT INTO public.ref_motif(id, libelle) VALUES (2, 'Desistement Assure');
INSERT INTO public.ref_motif(id, libelle) VALUES (3, 'Assure injoignable');
INSERT INTO public.ref_motif(id, libelle) VALUES (4, 'Desistement Agent');
INSERT INTO public.ref_motif(id, libelle) VALUES (5, 'Pieces de rechanges indisponibles');
INSERT INTO public.ref_motif(id, libelle) VALUES (6, 'Refus paiement participation');
INSERT INTO public.ref_motif(id, libelle) VALUES (7, 'Avis Expert defavorable');
INSERT INTO public.ref_motif(id, libelle) VALUES (8, 'Avis siege defavorable');
INSERT INTO public.ref_motif(id, libelle) VALUES (9, 'Circonstances non conformes');
INSERT INTO public.ref_motif(id, libelle) VALUES (10, 'Tier non identifié');
INSERT INTO public.ref_motif(id, libelle) VALUES (11, 'Erreur Gestionnaire');
INSERT INTO public.ref_motif(id, libelle) VALUES (12, 'Changement Avis Assure');
INSERT INTO public.ref_motif(id, libelle) VALUES (90, 'Doublant');
INSERT INTO public.ref_motif(id, libelle) VALUES (99, 'Autre');

/* Association des motifs aux actions utilisateurs */
INSERT INTO public.sys_action_utilisateur_motif(motifs_id, sys_action_utilisateurs_id) VALUES (1, 202);
INSERT INTO public.sys_action_utilisateur_motif(motifs_id, sys_action_utilisateurs_id) VALUES (2, 202);
INSERT INTO public.sys_action_utilisateur_motif(motifs_id, sys_action_utilisateurs_id) VALUES (3, 202);
INSERT INTO public.sys_action_utilisateur_motif(motifs_id, sys_action_utilisateurs_id) VALUES (90, 202);
INSERT INTO public.sys_action_utilisateur_motif(motifs_id, sys_action_utilisateurs_id) VALUES (11, 203);
INSERT INTO public.sys_action_utilisateur_motif(motifs_id, sys_action_utilisateurs_id) VALUES (12, 203);

/* Usages des contrats d'assurance */
INSERT INTO public.ref_usage_contrat(id, code, libelle, is_actif) VALUES (1, 1, 'Prive', TRUE);
INSERT INTO public.ref_usage_contrat(id, code, libelle, is_actif) VALUES (2, 2, 'Taxi', TRUE);
INSERT INTO public.ref_usage_contrat(id, code, libelle, is_actif) VALUES (3, 3, 'Auto-ecole', TRUE);
INSERT INTO public.ref_usage_contrat(id, code, libelle, is_actif) VALUES (4, 4, 'Louage', TRUE);
INSERT INTO public.ref_usage_contrat(id, code, libelle, is_actif) VALUES (5, 5, 'Agricole', TRUE);
INSERT INTO public.ref_usage_contrat(id, code, libelle, is_actif) VALUES (6, 6, 'Utilitaire', TRUE);
INSERT INTO public.ref_usage_contrat(id, code, libelle, is_actif) VALUES (7, 7, 'Remorque', TRUE);
INSERT INTO public.ref_usage_contrat(id, code, libelle, is_actif) VALUES (8, 8, 'Location', TRUE);

/* Types des contrats d'assurance */
INSERT INTO public.ref_type_contrat(id, code, libelle, is_actif) VALUES (1, 1, 'Flotte', TRUE);
INSERT INTO public.ref_type_contrat(id, code, libelle, is_actif) VALUES (2, 2, 'Individuel', TRUE);

/* Natures des contrats d'assurance */
INSERT INTO public.ref_nature_contrat(id, code, libelle, is_actif) VALUES (1, 1, 'Ferme', TRUE);
INSERT INTO public.ref_nature_contrat(id, code, libelle, is_actif) VALUES (2, 2, 'Renouvelable', TRUE);

/* Liste des compagnies d'assurance */
INSERT INTO public.personne_morale(id, raison_sociale, registre_commerce, matricule_fiscale, adresse)
    VALUES (1, 'Assurances SALIM', ' ', ' ', 'Immeuble Assurances SALIM, Lotissement AFH - BC5, Centre Urbain Nord 1003');
INSERT INTO public.personne_morale(id, raison_sociale, registre_commerce, matricule_fiscale, adresse)
    VALUES (2, 'GAT Assurances', ' ', ' ', '92 avenue Hédi Chaker 1002');
INSERT INTO public.personne_morale(id, raison_sociale, registre_commerce, matricule_fiscale, adresse)
    VALUES (3, 'Assurances AMI', ' ', ' ', 'Immeuble CARTE - Lot BC4 - Centre Urbain Nord 1082');
INSERT INTO public.personne_morale(id, raison_sociale, registre_commerce, matricule_fiscale, adresse)
    VALUES (4, 'La Carte', ' ', ' ', 'Cité des pins, zone Nord Est les Berges du Lac');
INSERT INTO public.personne_morale(id, raison_sociale, registre_commerce, matricule_fiscale, adresse)
    VALUES (5, 'BIAT Assurances', ' ', ' ', 'Immeuble Assurances BIAT - les jardins du lac II 1053 ');
INSERT INTO public.personne_morale(id, raison_sociale, registre_commerce, matricule_fiscale, adresse)
    VALUES (6, 'LLOYD', ' ', ' ', 'Immeuble LLOYD - Av.Taher Haddad les Berges du Lac 1053');
INSERT INTO public.personne_morale(id, raison_sociale, registre_commerce, matricule_fiscale, adresse)
    VALUES (7, 'El Amana Takaful', ' ', ' ', '13 Rue Borjine, Montplaisir - 1073');
INSERT INTO public.personne_morale(id, raison_sociale, registre_commerce, matricule_fiscale, adresse)
    VALUES (8, 'Attakafulia', ' ', ' ', '15 rue de Jérusalem 1002 Belvédère');
INSERT INTO public.personne_morale(id, raison_sociale, registre_commerce, matricule_fiscale, adresse)
    VALUES (9, 'ASTREE', ' ', ' ', '45 Avenue Kheireddine Pacha,  B.P. 780 TUNIS Cedex');
INSERT INTO public.personne_morale(id, raison_sociale, registre_commerce, matricule_fiscale, adresse)
    VALUES (10, 'Magharebia', ' ', ' ', ' 64 rue de Palestine - 1002');
INSERT INTO public.personne_morale(id, raison_sociale, registre_commerce, matricule_fiscale, adresse)
    VALUES (11, 'COMAR', ' ', ' ', 'Avenue Habib Bourguiba - 1001 ');
INSERT INTO public.personne_morale(id, raison_sociale, registre_commerce, matricule_fiscale, adresse)
    VALUES (12, 'MAE', ' ', ' ', '13 rue de Belgique 1055');
INSERT INTO public.personne_morale(id, raison_sociale, registre_commerce, matricule_fiscale, adresse)
    VALUES (13, 'STAR', ' ', ' ', 'Square Avenue de Paris 1000 ');
INSERT INTO public.personne_morale(id, raison_sociale, registre_commerce, matricule_fiscale, adresse)
    VALUES (14, 'CTAMA', ' ', ' ', '6 Avenue Habib Thameur');
INSERT INTO public.personne_morale(id, raison_sociale, registre_commerce, matricule_fiscale, adresse)
    VALUES (15, 'Zitouna Takaful', ' ', ' ', 'LES JARDINS DU LAC 1053');
INSERT INTO public.personne_morale(id, raison_sociale, registre_commerce, matricule_fiscale, adresse)
    VALUES (16, 'Union Libyenne des Compagnies assurances', ' ', ' ', 'Libye');
INSERT INTO public.personne_morale(id, raison_sociale, registre_commerce, matricule_fiscale, adresse)
    VALUES (17, 'MAIF', ' ', ' ', ' 200 Avenue Salvador Allende, 79000 Niort, France');

INSERT INTO public.ref_compagnie(id, nom, reference, is_etrangere, date_creation, is_bloque, is_delete, is_client, personne_morale_id)
    VALUES (1, 'Assurances SALIM', 1, FALSE, current_timestamp, FALSE, FALSE, TRUE, 1);
INSERT INTO public.ref_compagnie(id, nom, reference, is_etrangere, date_creation, is_bloque, is_delete, is_client, personne_morale_id)
    VALUES (2, 'GAT Assurances', 2, FALSE, current_timestamp, FALSE, FALSE, TRUE, 2);
INSERT INTO public.ref_compagnie(id, nom, reference, is_etrangere, date_creation, is_bloque, is_delete, is_client, personne_morale_id)
    VALUES (3, 'Assurances AMI', 3, FALSE, current_timestamp, FALSE, FALSE, TRUE, 3);
INSERT INTO public.ref_compagnie(id, nom, reference, is_etrangere, date_creation, is_bloque, is_delete, is_client, personne_morale_id)
    VALUES (4, 'La Carte', 4, FALSE, current_timestamp, FALSE, FALSE, TRUE, 4);
INSERT INTO public.ref_compagnie(id, nom, reference, is_etrangere, date_creation, is_bloque, is_delete, is_client, personne_morale_id)
    VALUES (5, 'BIAT Assurances', 5, FALSE, current_timestamp, FALSE, FALSE, TRUE, 5);
INSERT INTO public.ref_compagnie(id, nom, reference, is_etrangere, date_creation, is_bloque, is_delete, is_client, personne_morale_id)
    VALUES (6, 'LLOYD', 6, FALSE, current_timestamp, FALSE, FALSE, TRUE, 6);
INSERT INTO public.ref_compagnie(id, nom, reference, is_etrangere, date_creation, is_bloque, is_delete, is_client, personne_morale_id)
    VALUES (7, 'El Amana Takaful', 7, FALSE, current_timestamp, FALSE, FALSE, TRUE, 7);
INSERT INTO public.ref_compagnie(id, nom, reference, is_etrangere, date_creation, is_bloque, is_delete, is_client, personne_morale_id)
    VALUES (8, 'Attakafulia', 8, FALSE, current_timestamp, FALSE, FALSE, TRUE, 8);
INSERT INTO public.ref_compagnie(id, nom, reference, is_etrangere, date_creation, is_bloque, is_delete, is_client, personne_morale_id)
    VALUES (9, 'ASTREE', 9, FALSE, current_timestamp, FALSE, FALSE, TRUE, 9);
INSERT INTO public.ref_compagnie(id, nom, reference, is_etrangere, date_creation, is_bloque, is_delete, is_client, personne_morale_id)
    VALUES (10, 'Magharebia', 100, FALSE, current_timestamp, FALSE, FALSE, FALSE, 10);
INSERT INTO public.ref_compagnie(id, nom, reference, is_etrangere, date_creation, is_bloque, is_delete, is_client, personne_morale_id)
    VALUES (11, 'COMAR', 101, FALSE, current_timestamp, FALSE, FALSE, FALSE, 11);
INSERT INTO public.ref_compagnie(id, nom, reference, is_etrangere, date_creation, is_bloque, is_delete, is_client, personne_morale_id)
    VALUES (12, 'MAE', 102, FALSE, current_timestamp, FALSE, FALSE, FALSE, 12);
INSERT INTO public.ref_compagnie(id, nom, reference, is_etrangere, date_creation, is_bloque, is_delete, is_client, personne_morale_id)
    VALUES (13, 'STAR', 103, FALSE, current_timestamp, FALSE, FALSE, FALSE, 13);
INSERT INTO public.ref_compagnie(id, nom, reference, is_etrangere, date_creation, is_bloque, is_delete, is_client, personne_morale_id)
    VALUES (14, 'CTAMA', 104, FALSE, current_timestamp, FALSE, FALSE, FALSE, 14);
INSERT INTO public.ref_compagnie(id, nom, reference, is_etrangere, date_creation, is_bloque, is_delete, is_client, personne_morale_id)
    VALUES (15, 'Zitouna Takaful', 105, FALSE, current_timestamp, FALSE, FALSE, FALSE, 15);
INSERT INTO public.ref_compagnie(id, nom, reference, is_etrangere, date_creation, is_bloque, is_delete, is_client, personne_morale_id)
    VALUES (16, 'Union Libyenne des Compagnies assurances', 200, TRUE, current_timestamp, FALSE, FALSE, FALSE, 16);
INSERT INTO public.ref_compagnie(id, nom, reference, is_etrangere, date_creation, is_bloque, is_delete, is_client, personne_morale_id)
    VALUES (17, 'MAIF', 201, TRUE, current_timestamp, FALSE, FALSE, FALSE, 17);

/* Liste des produits */
INSERT INTO public.produit(id, code, libelle) VALUES (1, 1, 'PEC');
INSERT INTO public.produit(id, code, libelle) VALUES (2, 10, 'Assistance');

/* Liste des concessionnaires */
INSERT INTO public.concessionnaire(id, libelle) VALUES (1, 'STAFIM PEUGEOT');
INSERT INTO public.concessionnaire(id, libelle) VALUES (2, 'ENNAKL');
INSERT INTO public.concessionnaire(id, libelle) VALUES (3, 'ARTES');
INSERT INTO public.concessionnaire(id, libelle) VALUES (4, 'Le Moteur');
INSERT INTO public.concessionnaire(id, libelle) VALUES (5, 'ITALCAR');
INSERT INTO public.concessionnaire(id, libelle) VALUES (6, 'AURES');
INSERT INTO public.concessionnaire(id, libelle) VALUES (7, 'CITY CARS');
INSERT INTO public.concessionnaire(id, libelle) VALUES (8, 'Ben Jemaa Motors');
INSERT INTO public.concessionnaire(id, libelle) VALUES (9, 'Alpha Hyundai Motors');

/* Liste des Clients de GA */
INSERT INTO public.client(id, code, compagnie_id) VALUES (1, 1, 1);
INSERT INTO public.client(id, code, compagnie_id) VALUES (2, 2, 2);
INSERT INTO public.client(id, code, compagnie_id) VALUES (3, 3, 3);
INSERT INTO public.client(id, code, compagnie_id) VALUES (4, 4, 4);
INSERT INTO public.client(id, code, compagnie_id) VALUES (5, 5, 5);
INSERT INTO public.client(id, code, compagnie_id) VALUES (6, 6, 6);
INSERT INTO public.client(id, code, compagnie_id) VALUES (7, 7, 7);
INSERT INTO public.client(id, code, compagnie_id) VALUES (8, 8, 8);
INSERT INTO public.client(id, code, compagnie_id) VALUES (9, 9, 9);
INSERT INTO public.client(id, code, concessionnaire_id) VALUES (10, 50, 1);

/* association des Marques aux Concessionnaires */
INSERT INTO public.concessionnaire_marque(marques_id, concessionnaires_id) VALUES (17, 1);
INSERT INTO public.concessionnaire_marque(marques_id, concessionnaires_id) VALUES (2, 2);
INSERT INTO public.concessionnaire_marque(marques_id, concessionnaires_id) VALUES (19, 2);
INSERT INTO public.concessionnaire_marque(marques_id, concessionnaires_id) VALUES (20, 2);
INSERT INTO public.concessionnaire_marque(marques_id, concessionnaires_id) VALUES (23, 2);
INSERT INTO public.concessionnaire_marque(marques_id, concessionnaires_id) VALUES (18, 3);
INSERT INTO public.concessionnaire_marque(marques_id, concessionnaires_id) VALUES (6, 3);
INSERT INTO public.concessionnaire_marque(marques_id, concessionnaires_id) VALUES (13, 4);
INSERT INTO public.concessionnaire_marque(marques_id, concessionnaires_id) VALUES (14, 4);
INSERT INTO public.concessionnaire_marque(marques_id, concessionnaires_id) VALUES (7, 5);
INSERT INTO public.concessionnaire_marque(marques_id, concessionnaires_id) VALUES (1, 5);
INSERT INTO public.concessionnaire_marque(marques_id, concessionnaires_id) VALUES (5, 6);
INSERT INTO public.concessionnaire_marque(marques_id, concessionnaires_id) VALUES (11, 7);
INSERT INTO public.concessionnaire_marque(marques_id, concessionnaires_id) VALUES (3, 8);
INSERT INTO public.concessionnaire_marque(marques_id, concessionnaires_id) VALUES (9, 9);

/* Liste des Garanties Par Client */
INSERT INTO public.client_garanties(garanties_id, clients_id) VALUES (11, 3);
INSERT INTO public.client_garanties(garanties_id, clients_id) VALUES (12, 3);
INSERT INTO public.client_garanties(garanties_id, clients_id) VALUES (13, 3);
INSERT INTO public.client_garanties(garanties_id, clients_id) VALUES (7, 3);
INSERT INTO public.client_garanties(garanties_id, clients_id) VALUES (8, 3);
INSERT INTO public.client_garanties(garanties_id, clients_id) VALUES (11, 9);
INSERT INTO public.client_garanties(garanties_id, clients_id) VALUES (12, 9);
INSERT INTO public.client_garanties(garanties_id, clients_id) VALUES (13, 9);
INSERT INTO public.client_garanties(garanties_id, clients_id) VALUES (7, 9);
INSERT INTO public.client_garanties(garanties_id, clients_id) VALUES (8, 9);
INSERT INTO public.client_garanties(garanties_id, clients_id) VALUES (11, 8);
INSERT INTO public.client_garanties(garanties_id, clients_id) VALUES (12, 8);
INSERT INTO public.client_garanties(garanties_id, clients_id) VALUES (13, 8);
INSERT INTO public.client_garanties(garanties_id, clients_id) VALUES (7, 8);
INSERT INTO public.client_garanties(garanties_id, clients_id) VALUES (8, 8);
INSERT INTO public.client_garanties(garanties_id, clients_id) VALUES (4, 8);
INSERT INTO public.client_garanties(garanties_id, clients_id) VALUES (1, 8);
INSERT INTO public.client_garanties(garanties_id, clients_id) VALUES (9, 8);
INSERT INTO public.client_garanties(garanties_id, clients_id) VALUES (11, 1);
INSERT INTO public.client_garanties(garanties_id, clients_id) VALUES (12, 1);
INSERT INTO public.client_garanties(garanties_id, clients_id) VALUES (13, 1);
INSERT INTO public.client_garanties(garanties_id, clients_id) VALUES (7, 1);
INSERT INTO public.client_garanties(garanties_id, clients_id) VALUES (8, 1);
INSERT INTO public.client_garanties(garanties_id, clients_id) VALUES (4, 1);
INSERT INTO public.client_garanties(garanties_id, clients_id) VALUES (1, 1);
INSERT INTO public.client_garanties(garanties_id, clients_id) VALUES (9, 1);
INSERT INTO public.client_garanties(garanties_id, clients_id) VALUES (11, 5);
INSERT INTO public.client_garanties(garanties_id, clients_id) VALUES (13, 5);
INSERT INTO public.client_garanties(garanties_id, clients_id) VALUES (7, 5);
INSERT INTO public.client_garanties(garanties_id, clients_id) VALUES (8, 5);
INSERT INTO public.client_garanties(garanties_id, clients_id) VALUES (4, 5);
INSERT INTO public.client_garanties(garanties_id, clients_id) VALUES (1, 5);
INSERT INTO public.client_garanties(garanties_id, clients_id) VALUES (9, 5);
INSERT INTO public.client_garanties(garanties_id, clients_id) VALUES (11, 7);
INSERT INTO public.client_garanties(garanties_id, clients_id) VALUES (12, 7);
INSERT INTO public.client_garanties(garanties_id, clients_id) VALUES (13, 7);
INSERT INTO public.client_garanties(garanties_id, clients_id) VALUES (7, 7);
INSERT INTO public.client_garanties(garanties_id, clients_id) VALUES (8, 7);
INSERT INTO public.client_garanties(garanties_id, clients_id) VALUES (4, 7);
INSERT INTO public.client_garanties(garanties_id, clients_id) VALUES (1, 7);
INSERT INTO public.client_garanties(garanties_id, clients_id) VALUES (9, 7);
INSERT INTO public.client_garanties(garanties_id, clients_id) VALUES (11, 2);
INSERT INTO public.client_garanties(garanties_id, clients_id) VALUES (7, 2);
INSERT INTO public.client_garanties(garanties_id, clients_id) VALUES (1, 2);
INSERT INTO public.client_garanties(garanties_id, clients_id) VALUES (9, 2);
INSERT INTO public.client_garanties(garanties_id, clients_id) VALUES (11, 4);
INSERT INTO public.client_garanties(garanties_id, clients_id) VALUES (12, 4);
INSERT INTO public.client_garanties(garanties_id, clients_id) VALUES (13, 4);
INSERT INTO public.client_garanties(garanties_id, clients_id) VALUES (11, 6);
INSERT INTO public.client_garanties(garanties_id, clients_id) VALUES (12, 6);
INSERT INTO public.client_garanties(garanties_id, clients_id) VALUES (7, 6);
INSERT INTO public.client_garanties(garanties_id, clients_id) VALUES (8, 6);
INSERT INTO public.client_garanties(garanties_id, clients_id) VALUES (4, 6);
INSERT INTO public.client_garanties(garanties_id, clients_id) VALUES (1, 6);
INSERT INTO public.client_garanties(garanties_id, clients_id) VALUES (9, 6);
INSERT INTO public.client_garanties(garanties_id, clients_id) VALUES (20, 1);
INSERT INTO public.client_garanties(garanties_id, clients_id) VALUES (20, 3);
INSERT INTO public.client_garanties(garanties_id, clients_id) VALUES (20, 7);
INSERT INTO public.client_garanties(garanties_id, clients_id) VALUES (20, 10);

/* Produits par Client */
INSERT INTO public.client_produit(produits_id, clients_id) VALUES (1, 1);
INSERT INTO public.client_produit(produits_id, clients_id) VALUES (1, 2);
INSERT INTO public.client_produit(produits_id, clients_id) VALUES (1, 3);
INSERT INTO public.client_produit(produits_id, clients_id) VALUES (1, 4);
INSERT INTO public.client_produit(produits_id, clients_id) VALUES (1, 5);
INSERT INTO public.client_produit(produits_id, clients_id) VALUES (1, 6);
INSERT INTO public.client_produit(produits_id, clients_id) VALUES (1, 7);
INSERT INTO public.client_produit(produits_id, clients_id) VALUES (1, 8);
INSERT INTO public.client_produit(produits_id, clients_id) VALUES (1, 9);
INSERT INTO public.client_produit(produits_id, clients_id) VALUES (2, 1);
INSERT INTO public.client_produit(produits_id, clients_id) VALUES (2, 3);
INSERT INTO public.client_produit(produits_id, clients_id) VALUES (2, 7);
INSERT INTO public.client_produit(produits_id, clients_id) VALUES (2, 10);


/* Liste des Cellule */

INSERT INTO cellule (id, name) VALUES (1, 'ASSISTANCE');
INSERT INTO cellule (id, name) VALUES (2, 'REPARATION');
INSERT INTO cellule (id, name) VALUES (3, 'ACCEPTATION');
INSERT INTO cellule (id, name) VALUES (4, 'TECHNIQUES');


/*user cellule*/
INSERT INTO user_cellule (id, user_id, cellule_id) VALUES (1, 3, 1);

/* user_cellule_authorities*/
INSERT INTO user_cellule_authorities (authorities_name, users_cellules_id) VALUES ('ROLE_ADMIN', 1);


INSERT INTO sys_action_utilisateur (id, nom) VALUES (201, 'Creer Dossier Assitance');
INSERT INTO sys_action_utilisateur (id, nom) VALUES (202, 'Annuler Dossier Assitance');
INSERT INTO sys_action_utilisateur (id, nom) VALUES (203, 'Rouvrir Dossier Assitance');
INSERT INTO sys_action_utilisateur (id, nom) VALUES (204, 'Supprimer Dossier Assitance');
INSERT INTO sys_action_utilisateur (id, nom) VALUES (107, 'Accepter avec reserves');
INSERT INTO sys_action_utilisateur (id, nom) VALUES (206, 'Mettre à jour dossier Assistance');
INSERT INTO sys_action_utilisateur (id, nom) VALUES (207, 'Cloturer dossier Assistance');
INSERT INTO sys_action_utilisateur (id, nom) VALUES (208, 'Logout');
INSERT INTO sys_action_utilisateur (id, nom) VALUES (211, 'Supprimer prestation AVT');
INSERT INTO sys_action_utilisateur (id, nom) VALUES (212, 'Annuler prestation AVT ');
INSERT INTO sys_action_utilisateur (id, nom) VALUES (209, 'Login ');
INSERT INTO sys_action_utilisateur (id, nom) VALUES (213, 'Cree prestation AVT');
INSERT INTO sys_action_utilisateur (id, nom) VALUES (210, 'Mettre à jour prestation AVT');
INSERT INTO sys_action_utilisateur (id, nom) VALUES (205, 'Activation compte');
INSERT INTO sys_action_utilisateur (id, nom) VALUES (214, 'Creer un compte');
INSERT INTO sys_action_utilisateur (id, nom) VALUES (215, 'Activer compte');
INSERT INTO sys_action_utilisateur (id, nom) VALUES (216, 'Enregistrer compte');
INSERT INTO sys_action_utilisateur (id, nom) VALUES (217, 'Changer mot de passe');
INSERT INTO sys_action_utilisateur (id, nom) VALUES (218, 'Reset mot de passe');
INSERT INTO sys_action_utilisateur (id, nom) VALUES (101, 'Creer Dossier ');
INSERT INTO sys_action_utilisateur (id, nom) VALUES (102, 'Annuler Dossier ');
INSERT INTO sys_action_utilisateur (id, nom) VALUES (103, 'Rouvrir Dossier ');
INSERT INTO sys_action_utilisateur (id, nom) VALUES (104, 'Supprimer Dossier');
INSERT INTO sys_action_utilisateur (id, nom) VALUES (105, 'Annuler Prestation ');
INSERT INTO sys_action_utilisateur (id, nom) VALUES (106, 'Refuser Prestation');
INSERT INTO sys_action_utilisateur (id, nom) VALUES (219, 'Mettre  à jour  Dossier');







